ts_code,20230801,20230802,20230803,20230804,20230807,20230808,20230809,20230810,20230811
000016.SZ,0.0,0.0063419999999999995,0.002101,-0.002096,-0.004202,-0.006329,-0.008493,-0.004283,-0.017204
000026.SZ,-0.002425,-0.006483,-0.0065249999999999996,-0.010672999999999998,-0.024066,0.007653,-0.022785000000000003,0.0,-0.020724999999999997
000030.SZ,-0.014388000000000001,0.012774,-0.012613000000000001,-0.00365,0.003663,-0.00365,-0.023809999999999998,-0.011257,-0.01518
000058.SZ,-0.008708,0.004392,0.005830999999999999,-0.008696,-0.005848,-0.014705999999999999,-0.010447999999999999,0.003017,-0.009023
000061.SZ,0.019746,-0.0013830000000000001,-0.0013850000000000002,-0.019417,0.002829,-0.0042309999999999995,-0.014164000000000001,-0.0057469999999999995,-0.014451
000078.SZ,0.003115,-0.0062109999999999995,0.015625,-0.006154,-0.012384,0.00627,0.009346,-0.009259,0.003115
000156.SZ,-0.004499,-0.00791,0.0,0.017084,0.016797,0.007709000000000001,-0.013115000000000002,-0.009967,-0.020134
000407.SZ,0.005249,0.0,-0.002611,-0.007853,-0.010554,-0.005333,-0.010724000000000001,0.03794,-0.039164
000415.SZ,0.020492,0.040160999999999995,0.011583000000000001,0.022900999999999998,0.029851000000000003,0.028986,-0.010563,-0.024911,-0.00365
000426.SZ,-0.008602,-0.005423,-0.02181,-0.026756000000000002,0.010308999999999999,0.034014,-0.009868,0.013289,-0.014208
000505.SZ,-0.016908,-0.009828,0.008685,-0.00984,0.039752,-0.014336999999999999,-0.015758,0.008621,-0.030525000000000004
000528.SZ,0.010013000000000001,0.0024779999999999997,-0.0012360000000000001,-0.019802,-0.007576,0.0012720000000000001,-0.026684,0.003916,-0.024707
000541.SZ,0.0161,0.005282,-0.005254,-0.001761,-0.0052910000000000006,0.001773,-0.010619,-0.001789,-0.016129
000551.SZ,-0.040187,0.0019470000000000002,-0.015549,0.011846,-0.016585000000000003,-0.00496,-0.007976,-0.00603,-0.010111000000000002
000553.SZ,0.004619,0.002299,-0.010321,0.001159,-0.015045999999999999,-0.003525,-0.011792,0.002387,-0.010714
000554.SZ,0.013605,-0.008389,-0.011843999999999999,-0.001712,-0.003431,0.005163999999999999,-0.015411,0.029565,-0.023649
000601.SZ,0.015283999999999999,-0.006452,0.006494,-0.017204,0.004376,0.0,-0.010893,0.0,-0.026432
000612.SZ,0.017208,-0.003759,-0.001887,0.0,0.005671000000000001,-0.003759,-0.009434,-0.00381,-0.015296
000636.SZ,0.0031269999999999996,-0.001247,-0.007491,0.0,-0.007547000000000001,-0.011407,-0.020513,0.008508,-0.016872
000639.SZ,0.014705999999999999,-0.004141000000000001,0.027027000000000002,-0.030364,0.0,-0.008350999999999999,-0.010526,0.004255,-0.019068
000652.SZ,-0.006565,-0.002203,0.002208,0.008811,-0.021834,-0.013392999999999999,0.0,-0.004525,0.015909
000666.SZ,-0.006054,0.005076000000000001,0.015152,0.00995,-0.011822999999999998,-0.016949000000000002,-0.01927,0.0031019999999999997,0.024742
000720.SZ,0.002033,0.0020280000000000003,0.0,-0.004049,-0.00813,-0.006148,-0.010308999999999999,0.014582999999999999,-0.020534
000727.SZ,0.026087,0.021185999999999997,-0.020747,0.0,-0.008475,-0.012821,-0.012987,0.004386,-0.017467
000761.SZ,0.016471,0.0046300000000000004,-0.004608,-0.013889,-0.009389999999999999,-0.016588000000000002,-0.012048000000000001,-0.002439,-0.02445
000766.SZ,-0.012658,-0.003663,0.066176,-0.025862,0.0070799999999999995,0.079086,-0.027687,-0.008375,-0.013514
000791.SZ,0.02139,-0.006981,0.005272,-0.008741,0.0052910000000000006,0.008772,-0.01913,0.007092,-0.008803
000800.SZ,-0.009709,0.005447,-0.001083,0.0032540000000000004,-0.003243,-0.009760999999999999,-0.014239,0.004444,-0.028761000000000002
000801.SZ,-0.011429,-0.0028899999999999998,-0.010145,0.007320999999999999,-0.0029070000000000003,-0.005830999999999999,-0.010264,0.0014810000000000001,-0.029586
000823.SZ,-0.002107,0.00528,-0.0031509999999999997,0.0031609999999999997,-0.009454,-0.006363,-0.012806999999999999,0.002162,-0.01726
000881.SZ,0.004884,-0.00243,0.0024360000000000002,-0.0060750000000000005,-0.018337000000000003,-0.004981,-0.008761,0.0,-0.013889
000899.SZ,0.010193,-0.016816,-0.005701,-0.006881000000000001,-0.001155,-0.009249,-0.011669,0.007084,-0.023447
000900.SZ,0.0068969999999999995,0.0,-0.004566,0.0,-0.016055,-0.006993,-0.0070420000000000005,0.011819999999999999,-0.018692
000901.SZ,-0.005792,-0.0038829999999999997,-0.005848,0.006863,-0.013632,-0.001974,-0.02275,0.0010119999999999999,-0.021234000000000003
000903.SZ,0.0,0.019084,-0.014981,-0.003802,-0.0038169999999999996,-0.007663,-0.011583000000000001,0.101563,0.056738
000912.SZ,0.0,-0.004158,-0.0062629999999999995,-0.010504,-0.008493,0.004283,-0.008529,0.010752999999999999,-0.021277
000931.SZ,0.0033,0.0032890000000000003,0.0032790000000000002,0.0032679999999999996,-0.014658,-0.003306,0.003317,-0.001653,-0.006623
000949.SZ,0.0029149999999999996,0.0029070000000000003,0.0,-0.017391,-0.011798999999999999,0.00597,-0.011869000000000001,0.006006,-0.014924999999999999
000958.SZ,0.004386,0.0,0.0131,0.012931,-0.021277,-0.002174,-0.013071999999999999,0.00883,-0.021882000000000002
000967.SZ,0.0,-0.007752,-0.007813,0.0,-0.009843,-0.011928000000000001,-0.008048,0.010142,-0.02008
000968.SZ,0.002506,-0.01125,-0.0012640000000000001,-0.006329,-0.005096000000000001,0.008963,-0.015227999999999998,0.063144,-0.06303
000969.SZ,0.015168,0.045891,-0.042857000000000006,0.041578,0.009212,0.024340999999999998,-0.037624,-0.009259,-0.031153
000973.SZ,0.006397000000000001,0.0021190000000000002,-0.008457,-0.006397000000000001,-0.006438,0.008639,-0.025696,0.008791,-0.013071999999999999
001313.SZ,-0.004571,-0.004592,0.012686999999999999,-0.017084,0.00927,0.016073,-0.013559000000000002,-0.0034360000000000003,-0.022989000000000002
001896.SZ,0.014767999999999998,-0.004158,0.002088,-0.008333,-0.004202,-0.008439,-0.014894000000000001,0.00216,-0.012931
002004.SZ,-0.001912,-0.0038309999999999998,-0.003846,0.001931,-0.019268,0.007859,-0.001949,0.001953,-0.015595000000000001
002032.SZ,0.013996999999999999,0.002169,-0.000394,0.000394,0.0062970000000000005,0.00528,-0.014589000000000001,-0.015593999999999998,-0.005214
002042.SZ,0.009174,-0.0030299999999999997,0.0,-0.015198,-0.009259,-0.003115,-0.00625,0.006289,-0.015625
002054.SZ,0.00411,-0.04502,0.004286,-0.004267,-0.015714,0.013062,-0.002865,0.0,-0.015805
002067.SZ,0.002778,0.005540000000000001,-0.00551,-0.011080000000000001,-0.008403,-0.00565,-0.005682,0.008571,-0.014164000000000001
002075.SZ,0.023585,0.0,0.0,-0.011520999999999998,-0.016316999999999998,-0.007109,-0.002387,-0.004785,-0.014422999999999998
002087.SZ,0.033493,-0.013889,0.009389999999999999,-0.013953,-0.004717,0.037915000000000004,0.013699,0.036036,0.008696
002097.SZ,0.028485999999999997,0.004373,-0.018868,-0.005917,-0.011904999999999999,-0.01506,-0.007645,0.0015409999999999998,-0.032307999999999996
002099.SZ,-0.0025280000000000003,-0.017744,0.029677,-0.005013,-0.015113000000000001,0.012787999999999999,0.020202,-0.007426,-0.011222000000000001
002106.SZ,0.0034599999999999995,0.012643999999999999,-0.009081,0.008017999999999999,-0.007955,-0.010308999999999999,-0.012731,0.003517,-0.021027999999999998
002111.SZ,-0.00639,0.003215,-0.00641,0.005376,-0.014973,-0.010858000000000001,-0.003293,0.007709000000000001,-0.014208
002161.SZ,-0.0018520000000000001,0.011132,-0.00367,0.016575,-0.003623,-0.005455,-0.010969,0.005545,-0.036765
002165.SZ,-0.0023150000000000002,0.00464,-0.002309,-0.013889,-0.011737,0.011876,-0.011737,0.011876,-0.021126999999999996
002203.SZ,-0.0040420000000000005,0.002435,-0.008097,-0.011429,0.008258,0.000819,-0.016367,0.00416,-0.011599
002221.SZ,0.005495,0.012022,0.0032400000000000003,0.004306,-0.006431,0.028047,-0.016789000000000002,0.018143,0.006289
002225.SZ,0.002519,0.002513,-0.0075190000000000005,-0.002525,-0.015189999999999999,0.005141,-0.012787999999999999,0.005181,-0.018041
002274.SZ,0.0,-0.003861,-0.010336000000000001,0.001305,-0.013038000000000001,0.014531,-0.013021,0.013193,-0.02474
002283.SZ,0.030257,0.0014680000000000001,0.0,0.004399,-0.011679,-0.002954,-0.022222,-0.0015149999999999999,-0.013656999999999999
002287.SZ,-0.0029189999999999997,-0.008783,0.007594999999999999,0.004188,-0.032944,0.009918,0.005124,0.002974,0.003812
002288.SZ,0.016055,0.04514700000000001,-0.028078,0.011111,-0.021978,-0.011236,-0.004545,-0.002283,-0.025172
002293.SZ,-0.016565,-0.016843999999999998,-0.004509,-0.009963999999999999,-0.004575,-0.000919,-0.00828,0.010204,-0.011937999999999999
002294.SZ,-0.008097,-0.04113000000000001,0.019974000000000002,-0.047832999999999994,-0.069454,-0.000725,0.015227999999999998,-0.0125,-0.0068720000000000005
002303.SZ,0.0,0.0,0.0,-0.011527,-0.0029149999999999996,-0.002924,-0.005865,0.00885,-0.01462
002364.SZ,0.008974,0.001271,0.0,0.005076000000000001,-0.003788,-0.007605,-0.006385999999999999,-0.002571,-0.020619000000000002
002367.SZ,-0.008989,0.006803,-0.007883,0.009081,-0.007873999999999999,0.002268,-0.016968,0.003452,-0.019495
002373.SZ,-0.016857999999999998,0.006235000000000001,-0.007745999999999999,0.038251,-0.005263,-0.0052910000000000006,-0.019757,-0.003101,-0.01633
002376.SZ,0.0,0.007566000000000001,0.005006,0.059775999999999996,0.0,-0.027027000000000002,-0.009661999999999999,-0.05122,-0.034704
002386.SZ,-0.0015459999999999998,-0.004644,0.001555,-0.0062109999999999995,-0.0125,0.011075999999999999,-0.014085,0.003175,-0.017405
002387.SZ,0.003745,0.0024879999999999998,0.0037219999999999996,0.011125000000000001,-0.002445,-0.014705999999999999,-0.00995,-0.005024999999999999,-0.015152
002391.SZ,-0.0013830000000000001,-0.00831,-0.0013969999999999998,-0.008392,-0.002821,0.011314999999999999,-0.013986,0.011348,-0.014025000000000001
002392.SZ,0.012821,-0.002532,-0.0025380000000000003,-0.015267,-0.015504,0.002625,-0.013089,0.007958,-0.021053000000000002
002393.SZ,-0.0076549999999999995,-0.013398,0.014403,-0.023124,-0.040698,0.011255,0.012414000000000001,-0.0033829999999999997,0.002121
002442.SZ,0.0,0.0,-0.005758,-0.009653,-0.009747,0.011811,-0.013619000000000001,0.013807,-0.021401
002449.SZ,0.003382,0.0033710000000000003,-0.0022400000000000002,0.012346,-0.0077610000000000005,-0.007821,-0.02027,0.001149,-0.029851000000000003
002453.SZ,-0.015371,-0.0017349999999999998,0.004344,0.028547,-0.005046,-0.013525,0.010283,0.035623,-0.026208
002456.SZ,-0.005181,0.0,-0.008681,0.010508,0.017331,-0.010221000000000001,-0.030981,-0.001776,-0.024911
002462.SZ,-0.004304,0.001441,0.01295,0.0,-0.029119000000000003,0.012436000000000001,0.0057799999999999995,-0.0050290000000000005,0.023105
002465.SZ,0.018054,0.02266,-0.010597,0.023369,-0.004757,0.001912,-0.01145,-0.003861,-0.014535
002479.SZ,0.008264,-0.008197,0.0,-0.010331,-0.010438000000000001,-0.006329,-0.0063690000000000005,0.00641,-0.021231
002522.SZ,-0.001957,0.0,0.005881999999999999,-0.001949,-0.011719,0.0,0.0,0.0,-0.017787
002573.SZ,0.0017569999999999999,0.0,0.001754,-0.008757000000000001,-0.007067,-0.007117,-0.008961,0.001808,-0.01444
002588.SZ,-0.007873999999999999,0.031745999999999996,-0.023077,-0.025196999999999997,-0.001616,0.008091000000000001,-0.016051,0.016313,-0.022472
002611.SZ,-0.010969,0.012939,-0.012774,0.012939,0.016423,-0.02693,-0.020295,0.009416,-0.024253999999999998
002627.SZ,0.003559,-0.005319000000000001,-0.003565,-0.014311,-0.00363,-0.005464,-0.012821,0.014842,-0.009141
002631.SZ,0.036458,-0.001675,-0.02349,-0.006873000000000001,-0.00519,-0.010435000000000002,-0.010545,-0.003552,-0.012478
002632.SZ,0.039604,-0.027211,-0.026573000000000003,-0.00431,-0.008658,0.001456,-0.017442,0.004438,-0.017673
002637.SZ,-0.008889000000000001,-0.005381,-0.008115,-0.002727,-0.008204,-0.007352999999999999,-0.008333,0.005602,-0.014856000000000001
002664.SZ,-0.0021190000000000002,0.0,-0.0063690000000000005,0.002137,0.004264,0.044585999999999994,-0.042005,-0.042433,-0.038405
002676.SZ,-0.011574,0.002342,-0.009346,-0.018868,0.002404,-0.007194000000000001,-0.012077,0.0,-0.022005
002695.SZ,-0.00764,0.003422,0.016198,-0.015101,-0.013629,0.009499,-0.00941,-0.004318,-0.02255
002724.SZ,0.023613,-0.020760999999999998,-0.071849,-0.008883,0.008963,-0.02665,-0.003911,0.005235999999999999,-0.015625
002734.SZ,-0.008529,0.005376,-0.014973,-0.016287,-0.007725999999999999,-0.002225,-0.007804,0.0022470000000000003,-0.016816
002753.SZ,0.009358,0.0,-0.029138999999999998,-0.0027289999999999997,-0.010944,0.005533,-0.01238,0.005571,-0.011080000000000001
002783.SZ,0.004608,-0.005734,-0.011533999999999999,-0.01867,-0.004756,0.016726,-0.018801000000000002,0.0071860000000000005,-0.013080000000000001
002798.SZ,-0.013141,-0.007989000000000001,-0.0026850000000000003,-0.028264,-0.011080000000000001,-0.0070030000000000005,-0.007052,-0.002841,-0.012821
002915.SZ,-0.008754999999999999,-0.008833,0.005729,-0.007594999999999999,-0.017218999999999998,0.041531000000000005,-0.033022,-0.0057989999999999995,-0.012962
002925.SZ,-0.004688,0.008373,-0.008822,0.0062829999999999995,0.011967,-0.033419,-0.031383,-0.002197,-0.011557999999999999
002929.SZ,-0.020506000000000003,0.001434,-0.003723,0.037942000000000004,0.068402,-0.031104,-0.014714,0.013576,-0.026520000000000002
002937.SZ,-0.012076,-0.014983999999999999,-0.016813,0.013028999999999999,-0.003215,0.0,-0.010484,-0.004482,-0.002865
002958.SZ,0.013333,-0.0032890000000000003,0.019802,-0.006472,-0.016287,-0.009934,0.0033439999999999998,0.0,-0.016667
002969.SZ,-0.002392,-0.002398,-0.007212,-0.002421,-0.007281999999999999,0.002445,-0.012195000000000001,0.0,-0.007407
002988.SZ,0.004881,0.003778,-0.001613,-0.001616,-0.019957,0.001651,-0.011538,0.000556,-0.007221999999999999
003035.SZ,0.0,-0.017937,-0.010653999999999999,-0.003077,-0.010802,0.00468,-0.015528,-0.01735,-0.011236
300019.SZ,-0.004824999999999999,-0.000606,0.000606,0.014544999999999999,-0.005974,0.003606,-0.017365,0.001219,-0.002435
300055.SZ,0.016861,-0.010204,-0.006443,-0.003891,-0.00651,-0.005242,-0.002635,-0.002642,-0.021192000000000003
300065.SZ,0.006399,-0.011807000000000002,0.006434,0.010959000000000002,-0.007227,-0.009099000000000001,-0.016529000000000002,0.0,-0.028945
300072.SZ,0.0,-0.0027400000000000002,0.005495,-0.008197,-0.008264,-0.002778,-0.008357,0.005618,-0.02514
300082.SZ,0.007509,-0.0062109999999999995,0.00125,-0.008739,-0.011335,-0.0063690000000000005,-0.0025640000000000003,0.0,-0.01671
300088.SZ,0.003247,-0.003236,0.001623,0.011345000000000001,0.0,-0.011217999999999999,-0.012966,-0.0032840000000000005,-0.018122
300091.SZ,0.07516300000000001,-0.036474,-0.0347,0.013071999999999999,0.006452,0.012821,-0.028481,0.0,-0.035831
300134.SZ,-0.005192,0.0062629999999999995,-0.001037,0.023884,-0.005071,-0.007136,-0.017454,-0.005225,-0.028361
300136.SZ,-0.004255,0.001603,-0.0048,0.017685,0.004739,-0.007862000000000001,-0.013734999999999999,-0.005356,-0.02154
300137.SZ,-0.006885,0.0051990000000000005,-0.008621,0.001739,0.0069440000000000005,-0.015517000000000001,-0.001751,0.008772,-0.003478
300172.SZ,-0.005952,-0.011976,-0.008081,-0.008147,-0.008214,0.0,-0.012421999999999999,0.010482,-0.020747
300177.SZ,-0.015896,0.004405,-0.011696,0.010355000000000001,0.002928,-0.008759,-0.016200000000000003,0.0,-0.019461
300180.SZ,0.01847,0.007772,-0.007712,0.007772,-0.012853000000000002,-0.010417000000000001,0.002632,-0.005249,-0.01847
300187.SZ,-0.011382000000000001,-0.004934,-0.009917,-0.008347,0.003367,-0.001678,-0.0033610000000000003,-0.005059,-0.010169
300194.SZ,-0.007538,-0.012658,0.012821,-0.005063,-0.022900999999999998,0.010417000000000001,0.020619000000000002,0.0,0.0
300206.SZ,-0.010589999999999999,-0.016819999999999998,0.014774,-0.014558999999999999,-0.015552,0.0023699999999999997,0.00788,-0.007819,0.007092
300214.SZ,-0.003096,0.004658,-0.010819,-0.004688,-0.009419,0.011094,-0.007837,-0.00316,-0.015848
300215.SZ,0.0,0.009434,-0.007477,0.00565,-0.009363,-0.005671000000000001,-0.007605,0.001916,-0.015296
300236.SZ,0.0053890000000000006,0.001072,-0.010976999999999999,0.010287,-0.010182,-0.014077,-0.002746,-0.004405,-0.027102
300241.SZ,0.001961,0.0,-0.003914,0.009823,-0.009728,0.0,-0.019646,-0.004008,-0.024145
300255.SZ,-0.001988,-0.005976,0.01002,0.0,-0.021825,0.006085,0.042339,0.007737000000000001,0.021113
300271.SZ,0.004107,-0.002045,-0.003074,0.026720999999999998,0.017017,-0.012795,-0.007976,0.001005,-0.027108
300279.SZ,0.003578,0.01426,0.02109,-0.003442,-0.005181,-0.019097,-0.026549,-0.023636,-0.01676
300285.SZ,0.010086999999999999,-0.001332,0.005667,-0.016904,0.004719999999999999,-0.025838999999999997,0.028936000000000003,0.037831000000000004,-0.026774
300289.SZ,-0.003407,-0.008547,0.010345,-0.003413,-0.018836,0.010471,0.013817,-0.008518,0.015464
300318.SZ,-0.003604,-0.005425,0.012726999999999999,-0.010771999999999999,-0.019964,0.009259,0.023853,-0.003584,0.001799
300320.SZ,-0.007624,0.00128,-0.0063939999999999995,0.006435,-0.011509,-0.018111,-0.01054,0.009321000000000001,-0.019789
300345.SZ,-0.0057799999999999995,0.013566,-0.010516000000000001,-0.004830999999999999,0.004854,0.030918,-0.011246,0.0,-0.001896
300381.SZ,-0.001374,0.01238,0.01087,-0.004032,-0.021591999999999997,0.0027589999999999997,0.0068779999999999996,-0.005464,-0.008242000000000001
300406.SZ,-0.017094,-0.004092,0.031844000000000004,-0.014435,-0.00202,-0.005567,-0.002545,-0.028061,-0.016273
300409.SZ,0.00311,0.013178,-0.014537,0.000776,-0.008534,-0.0046949999999999995,0.001572,0.0,-0.019622999999999998
300429.SZ,0.0072770000000000005,0.020640000000000002,-0.059656,0.006452,-0.0010680000000000002,-0.016043,-0.01087,0.016484000000000002,-0.018378000000000002
300430.SZ,-0.009954,-0.004692,0.0026939999999999998,-0.036266,-0.043205999999999994,-0.024763,0.04705,0.00214,0.0021349999999999997
300433.SZ,-0.002427,0.007299,0.004026,0.001604,-0.001601,0.0,-0.01684,0.0073409999999999994,-0.024291
300441.SZ,-0.013311,0.023609,-0.031301,0.006803,-0.018581,-0.012048000000000001,0.005226,-0.008666,-0.012238
300470.SZ,0.00658,0.004203,-0.015345,0.014876,0.004188,-0.008341,-0.006542,0.009878,-0.023288000000000003
300483.SZ,0.009693,-0.0048,-0.000804,-0.006436,-0.004049,0.00813,-0.006452,0.19967500000000002,0.014884999999999999
300488.SZ,-0.015446,0.008516000000000001,-0.003556,0.0,-0.015611,-0.009968,-0.01373,0.013921,-0.011442
300543.SZ,0.0010580000000000001,0.010570999999999999,-0.011506,0.0010580000000000001,-0.002114,-0.019068,-0.019438,0.001101,-0.013201000000000001
300547.SZ,-0.015290999999999999,-0.0062109999999999995,-0.01625,0.0,-0.021601,-0.008442,-0.018337000000000003,0.000667,-0.016667
300558.SZ,-0.035813000000000005,-0.054286,-0.0038269999999999997,-0.005863,-0.107179,0.030068,0.032065,-0.005571,-0.016375999999999998
300571.SZ,-0.017686,-0.010375,-0.006167000000000001,0.040025000000000005,0.00179,0.002978,-0.027019,0.0021360000000000003,-0.019793
300642.SZ,-0.003994,-0.007018,0.02524,-0.013786,-0.029456000000000003,-0.005143999999999999,0.018614,0.003553,0.0
300664.SZ,-0.006826,-0.0034360000000000003,0.010345,-0.006826,-0.020619000000000002,0.0,-0.005263,0.012346,0.005226
300683.SZ,0.010013000000000001,-0.01748,0.032395,-0.02392,-0.025033,0.008107999999999999,0.010992,-0.013259,0.015856
300715.SZ,-0.003257,0.005881999999999999,-0.012346,-0.005920999999999999,-0.012574,-0.008713,0.000676,-0.011486000000000001,-0.019139
300719.SZ,-0.005733,-0.005766,-0.0016569999999999998,0.005809,-0.009075999999999999,0.003331,0.00332,0.007443999999999999,-0.010672999999999998
300739.SZ,-0.010021,0.006508000000000001,-0.007902,0.009413,0.0050219999999999996,-0.007138,-0.009346,-0.001451,-0.018895
300747.SZ,-0.008211000000000001,0.011383,-0.01603,0.0034660000000000003,0.019689,-0.040650000000000006,-0.04096,0.009205,-0.017512
300752.SZ,0.001833,0.00122,-0.010353000000000001,0.000615,-0.00615,-0.0049499999999999995,-0.022387999999999998,-0.0038169999999999996,-0.033206
300770.SZ,-0.002411,-0.007493,-0.007306,0.024043000000000002,0.006229,0.017143,-0.033942,-0.001696,-0.016262000000000002
300773.SZ,-0.029411999999999997,-0.007295,0.015828,0.145799,0.015056,-0.032057,0.016807000000000002,-0.008264,-0.042647000000000004
300790.SZ,-0.000674,0.017532000000000002,-0.013253999999999998,0.01679,-0.006605,-0.0019950000000000002,0.021318999999999998,-0.006523,-0.091267
300825.SZ,-0.012923,0.000623,0.012461,0.017846,0.007255,-0.012004999999999998,-0.015795999999999998,0.0030859999999999998,-0.037538
300832.SZ,-0.022792,0.024589,0.003176,-0.010554,-0.017422,0.000362,0.0023510000000000002,0.010646,-0.015532999999999998
300843.SZ,-0.0025879999999999996,-0.0046700000000000005,-0.012513000000000002,0.00528,-0.002626,-0.005793,-0.004237,-0.005850999999999999,-0.018727
300871.SZ,-0.012159999999999999,-0.012896000000000001,0.004157,-0.011236,-0.001196,-0.005988,-0.006626999999999999,0.006064000000000001,-0.014467
300873.SZ,-0.002353,-0.030189,-0.005350000000000001,-0.014181,-0.011904999999999999,-0.016064000000000002,-0.007653,0.017481,-0.020718
301149.SZ,-0.0045000000000000005,0.008137,-0.007175,-0.012646999999999999,-0.009149000000000001,0.046167999999999994,-0.023831,-0.006329,-0.029117
600052.SH,-0.003992,0.01002,0.009921,-0.011788,-0.011928000000000001,-0.004024,-0.0060609999999999995,-0.00813,-0.014343999999999999
600053.SH,-0.008499,0.005714,0.014205,0.017506999999999998,-0.011012,-0.0076549999999999995,-0.006311,0.015526,-0.027102
600058.SH,0.000984,-0.007866,-0.003964,-0.00796,0.0,-0.004012,-0.002014,0.014127,-0.035821
600084.SH,0.0062580000000000005,0.0024879999999999998,0.013648,0.0,0.00612,0.009732,-0.003614,-0.003628,0.020631
600115.SH,-0.006135000000000001,-0.012346,0.00625,-0.004141000000000001,-0.004158,0.002088,-0.008333,0.023109,-0.024641000000000003
600120.SH,-0.004706,-0.0023639999999999998,0.014218,0.007009,-0.006961,-0.004673,-0.009389999999999999,0.0,-0.018956999999999998
600168.SH,0.003125,0.0062309999999999996,0.0,-0.006192,-0.003115,0.003125,-0.007788000000000001,0.009419,-0.017107
600169.SH,0.0038309999999999998,-0.0038169999999999996,-0.007663,-0.007722,-0.007782,-0.007843,-0.007905,0.003984,-0.015872999999999998
600183.SH,0.00565,-0.004994,-0.005019,0.008827,-0.00125,-0.017522,-0.019745,0.024691,-0.034876
600184.SH,-0.000774,0.007745999999999999,-0.001537,-0.002309,-0.0023150000000000002,-0.006187000000000001,-0.006226000000000001,-0.009396999999999999,-0.022925
600198.SH,0.0,0.00607,-0.003017,0.030257,-0.013216,-0.008929,-0.016517,-0.003053,-0.013783
600203.SH,0.018272,0.017945,-0.027244,0.003295,0.0,-0.011493999999999999,-0.018272,0.001692,-0.015203
600218.SH,0.0,0.0055249999999999995,-0.008791,-0.006652,-0.007813,0.007873999999999999,-0.032366,0.0057669999999999996,-0.025228999999999998
600278.SH,-0.010178,0.0,0.0,0.012853000000000002,-0.024112,-0.014303999999999999,-0.013193,0.008021,-0.018568
600292.SH,0.0016309999999999999,-0.008143000000000001,-0.0032840000000000005,-0.004941999999999999,-0.009934,0.0,-0.005017000000000001,0.006723,-0.016694
600336.SH,0.0,0.001704,0.0,-0.010204,-0.006873000000000001,-0.006919999999999999,-0.010452999999999999,-0.001761,-0.021164000000000002
600360.SH,0.002865,0.002857,0.0,0.004274,-0.007092,-0.007143,-0.011511,-0.004366999999999999,-0.01462
600396.SH,0.036885,0.0,0.003953,0.0039369999999999995,0.003922,0.003906,-0.007782,-0.003922,-0.015747999999999998
600416.SH,0.008532,-0.028765,-0.011033999999999999,0.025249999999999998,0.038946,-0.023704999999999997,-0.025409,0.008111,-0.027586
600459.SH,0.014276,0.00064,-0.008312,0.003868,0.0038540000000000002,0.00128,-0.011501999999999998,-0.011635,-0.018967
600490.SH,0.035912,-0.013333,-0.016215999999999998,0.0,0.005495,-0.002732,-0.016437999999999998,-0.011142,-0.028169
600517.SH,-0.006908,0.008696,0.010345,0.025596999999999998,-0.056572,-0.022928,-0.009025,0.010929,-0.045045
600525.SH,-0.007491,0.005659999999999999,-0.0075049999999999995,0.005671000000000001,-0.00188,-0.016949000000000002,-0.01341,0.0019420000000000001,-0.019379999999999998
600569.SH,0.100877,-0.047809,-0.012552,-0.008475,-0.017094,-0.017391,0.013274,0.0,-0.026201
600587.SH,-0.011843,-0.044766,-0.01476,-0.013857999999999999,-0.015192,0.010412999999999999,0.019847,-0.015719,0.0007599999999999999
600617.SH,0.021882000000000002,-0.014988999999999999,-0.006522,0.0,-0.015317,0.011111,-0.015385,0.035714,-0.047414
600619.SH,0.0,0.012559,-0.007752,-0.00625,-0.014151,-0.00319,-0.0144,0.00487,-0.019386
600623.SH,-0.0014990000000000001,-0.003003,0.0015060000000000002,-0.0015040000000000001,-0.0045179999999999994,0.006051,-0.0075190000000000005,0.004545,-0.021116000000000003
600626.SH,0.007895,0.005222,-0.007792,-0.005235999999999999,-0.010526,-0.015957,-0.008107999999999999,-0.008174,-0.013736
600637.SH,0.003745,-0.006219,0.0,0.017522,0.00369,0.003676,-0.013431,-0.0049499999999999995,-0.013682000000000001
600667.SH,0.002778,-0.004155,-0.001391,0.008357,-0.013812,-0.040616000000000006,-0.010219,0.019174,-0.015919000000000003
600694.SH,-0.0025369999999999998,-0.005595,0.007673,-0.011675,-0.004622,-0.003612,-0.005697,0.0,-0.014582999999999999
600707.SH,0.014173,0.003106,0.004644,0.004622,-0.003067,-0.016923,-0.020344,0.014377,-0.045669
600724.SH,0.0,0.011792,0.016316999999999998,0.018349,-0.038288,-0.016393,-0.009524,-0.004808,-0.014493
600727.SH,-0.003241,-0.0032519999999999997,0.003263,-0.009756,-0.004926,0.0,-0.008251,0.004992,-0.014901
600731.SH,-0.008816000000000001,-0.008895,-0.017949,0.0,-0.016971,0.003984,-0.011904999999999999,0.0040160000000000005,-0.010667
600736.SH,-0.0035909999999999996,0.018018,0.0070799999999999995,0.0,-0.029876999999999997,-0.014493,-0.005515,0.0018479999999999998,-0.012915000000000001
600742.SH,-0.006795,0.004561,-0.005675,0.004566,-0.010227,-0.001148,0.001149,0.011480999999999998,-0.00227
600789.SH,-0.005988,-0.0030120000000000004,0.013595,0.0,-0.020863999999999997,0.0076100000000000004,0.021147999999999997,-0.004438,0.0
600792.SH,0.024862000000000002,-0.010782,-0.010899,-0.019284,-0.008427,-0.005666,-0.008547,0.017241,-0.028249
600805.SH,0.019149,0.004175,-0.010395000000000001,-0.006303,-0.012685,-0.010707,-0.012987,0.004386,-0.017467
600812.SH,-0.0017299999999999998,-0.0034660000000000003,0.015652,-0.005137,-0.010327,0.001739,0.012153,0.003431,-0.008547
600828.SH,-0.009009,0.004545,0.006787,-0.026966,-0.006928,-0.011628000000000001,-0.011765000000000001,-0.004762,-0.009569
600841.SH,0.009316999999999999,0.004615,-0.009188,-0.012365,-0.001565,-0.0047020000000000005,0.001575,-0.004717,-0.018956999999999998
600871.SH,0.013825,0.0,0.0,0.0,0.0,0.0,-0.018182,0.023148,-0.031674
600872.SH,-0.0028539999999999998,-0.005437999999999999,0.012662,0.0,0.003126,-0.0017000000000000001,-0.004257,-0.003705,-0.021739
600876.SH,0.000601,-0.004202,0.003014,0.0,-0.015625,-0.006105,-0.007371,0.000619,-0.026591999999999998
600879.SH,-0.012484,-0.010114000000000001,-0.005109,0.003851,-0.016624,-0.006502,-0.014398,0.002656,-0.023841
600939.SH,0.007937,0.002625,0.0,-0.005235999999999999,-0.010526,-0.005319000000000001,0.0,-0.005348,-0.021505
600966.SH,-0.002928,-0.007342,-0.001479,-0.016295999999999998,-0.00753,-0.015175000000000001,-0.006162999999999999,0.007752,-0.023077
600982.SH,0.021739,-0.017020999999999998,0.012987,-0.012821,-0.021644999999999998,0.002212,-0.006623,0.011111,-0.024176000000000003
600993.SH,-0.015276000000000001,-0.018298000000000002,0.014181999999999998,0.009588,-0.005936,0.013137000000000001,-0.014145000000000001,-0.0035870000000000003,0.0048
601038.SH,-0.010952,-0.005963,-0.001714,-0.006009,-0.005181,-0.0017360000000000001,-0.010435000000000002,0.011424,-0.02954
601107.SH,0.002326,0.0,0.00464,-0.016166,-0.002347,0.0,-0.011765000000000001,0.016667,-0.014052
601200.SH,0.000994,-0.002979,-0.002988,-0.004995,-0.0070279999999999995,0.001011,-0.009091,0.001019,-0.017312
601208.SH,0.005997,0.00149,0.010417000000000001,-0.011046,-0.00968,-0.015789,-0.016043,0.004658,-0.018547
601330.SH,0.007916,0.0,-0.005235999999999999,-0.006579000000000001,-0.003974,0.00266,-0.001326,-0.002656,-0.019973
601609.SH,0.014903,0.0029370000000000004,-0.013177000000000001,0.002967,-0.005917,0.002976,-0.016319999999999998,-0.0015079999999999998,-0.013595
601777.SH,0.10101,0.10091699999999999,-0.041666999999999996,-0.023913000000000004,-0.020045,-0.061364,0.031477,-0.039906000000000004,-0.031785
601828.SH,0.001898,0.003788,0.003774,-0.00188,-0.016949000000000002,-0.015326,-0.005837,0.001957,-0.017578
601886.SH,0.0,0.006515,0.00863,0.0,-0.040642,0.005574,-0.003326,0.001112,-0.015556
601929.SH,0.009852,-0.009756,0.004926,-0.004902,0.0,0.004926,-0.02451,0.0,-0.025126
601952.SH,-0.016653,-0.008871,0.005696,-0.003236,0.025974,-0.002373,-0.010308999999999999,0.019231,-0.033805
601963.SH,-0.001208,-0.008464000000000001,0.009756,0.007246,-0.019185,-0.001222,0.001224,-0.001222,-0.008568
601968.SH,0.004243,-0.005634,-0.007082000000000001,-0.011412,-0.024531,-0.001479,-0.002963,0.016345000000000002,-0.030701999999999997
603012.SH,-0.00487,0.003263,-0.014634000000000001,-0.008251,-0.014975,0.0050680000000000005,-0.011765000000000001,0.010204,-0.016835
603013.SH,-0.010289,0.002599,-0.018146,-0.013201000000000001,0.01204,0.015202,-0.055990000000000005,0.003448,-0.017869
603026.SH,-0.007332999999999999,-0.009402,0.01,-0.001343,-0.011427,0.008499,0.027978999999999997,-0.004755,-0.037891
603053.SH,0.016683,0.003861,-0.001923,-0.020231,-0.014749000000000002,0.00499,-0.002979,0.080677,-0.051613
603055.SH,0.0026550000000000002,-0.011474,-0.008929,-0.00991,-0.017287999999999998,0.024073999999999998,-0.020796000000000002,0.004617,-0.022059000000000002
603058.SH,-0.00432,-0.008677,-0.002188,-0.017544,-0.001116,-0.002235,-0.008959,0.015819,-0.01891
603100.SH,0.024439000000000002,-0.004716000000000001,-0.025640999999999997,-0.009153,-0.0040420000000000005,-0.005797,-0.029446,0.012016,-0.01306
603118.SH,0.043439,0.005203999999999999,-0.026747,0.015071000000000001,0.019214,0.007712,-0.044218,-0.013345000000000001,-0.026150000000000003
603158.SH,-0.023683999999999997,0.021563,-0.030343,0.002721,0.008141,0.001346,-0.030914,0.005548,-0.005516999999999999
603166.SH,-0.005814000000000001,-0.001462,-0.005857,-0.008837000000000001,0.0014860000000000001,-0.005935,-0.019403,-0.015221,-0.020093
603167.SH,0.002725,-0.004076,-0.004093,-0.006848999999999999,-0.005516999999999999,-0.001387,-0.008333,0.012605,-0.008298999999999999
603217.SH,-0.009046,-0.011203000000000001,-0.003777,-0.008003,0.002123,-0.001271,-0.005515,0.017918,-0.011735
603225.SH,-0.008163,-0.014815,0.002506,0.016667,-0.004098,0.021398999999999998,-0.023368000000000003,0.04703,-0.01576
603239.SH,-0.010731,0.011525,-0.022788,-0.000686,-0.006177,0.004834,-0.02268,-0.0007030000000000001,-0.009148
603277.SH,0.002788,0.007943,-0.014578,0.007996999999999999,-0.012297,0.00241,-0.009215,0.002426,-0.0052439999999999995
603297.SH,0.003378,0.032827999999999996,-0.010362,0.007294,0.006774,-0.0015079999999999998,0.029743,-0.011509,-0.001256
603303.SH,-0.029392,-0.021126999999999996,-0.030935,-0.001485,-0.023048000000000003,-0.012177,0.0030819999999999997,0.005376,-0.013751
603306.SH,-0.018937,0.005197,-0.007386,0.000744,-0.012639000000000001,0.023343,0.015453,0.017029000000000002,-0.029925
603313.SH,-0.005168000000000001,-0.014719,0.003515,-0.019264,-0.007143,0.004496,-0.009848,0.0036170000000000004,-0.008107999999999999
603333.SH,0.007873999999999999,0.003906,-0.011673,0.0,0.0,-0.013779999999999999,-0.007984,0.0060360000000000006,-0.038
603337.SH,0.000972,0.027683,-0.029301,-0.015579,0.011869000000000001,-0.004888,-0.009823,0.011904999999999999,-0.019608
603338.SH,0.008467,0.030395,0.004726,-0.02871,-0.010521,-0.00962,-0.025733000000000002,-0.002274,0.001227
603351.SH,-0.008757000000000001,0.007067,0.034386,-0.016282,-0.02931,0.001066,0.011356,-0.014034999999999999,-0.026690000000000002
603353.SH,0.002485,-0.004462,-0.003984,-0.0045000000000000005,-0.002009,-0.004026,0.025771000000000002,0.027094,-0.007673999999999999
603358.SH,-0.006842,0.005166,-0.001142,0.006861000000000001,-0.012493,-0.00345,-0.010387,0.002332,-0.006981
603386.SH,0.003646,0.00545,-0.012646999999999999,0.002745,-0.000912,-0.011872,-0.014787,0.0018759999999999998,-0.015918
603390.SH,-0.016847,0.0,-0.01836,0.016209,0.006135000000000001,0.002439,-0.03163,-0.010049999999999998,-0.010152000000000001
603416.SH,0.0,-0.010177,-0.015422,-0.003978,-0.015227,-0.010393,-0.020236,0.00549,-0.027561
603458.SH,-0.008612,-0.0048259999999999996,-0.00485,0.0009750000000000001,-0.009737,0.0,-0.0059,-0.002967,-0.010912999999999999
603466.SH,-0.013616,-0.016104,0.003897,0.052794999999999995,-0.014012,0.009723,-0.014815,0.003759,-0.026966
603530.SH,0.010025,-0.012407,-0.008166,0.0038,-0.008833,-0.008275,-0.017972,0.0032679999999999996,-0.021498
603535.SH,0.0064139999999999996,-0.002317,0.000581,-0.016831,-0.007084,0.002973,-0.015411999999999999,0.019266000000000002,-0.021263999999999998
603610.SH,-0.00251,-0.003356,-0.005892,-0.003387,-0.011895,-0.0025800000000000003,-0.003448,0.00519,-0.012908999999999999
603611.SH,-0.00040599999999999995,-0.017458,0.004545,0.029206,0.017186,-0.022789999999999998,-0.022517,-0.016454,-0.020075
603626.SH,0.007278,0.0014449999999999999,-0.010101,0.005830999999999999,-0.010145,0.002928,-0.018978,-0.001488,-0.016393
603722.SH,-0.020371999999999998,-0.01394,-0.003013,0.007671,-0.022837,-0.000472,-0.007794,0.004999,-0.016579999999999998
603755.SH,-0.014015999999999999,-0.0018540000000000002,0.021362000000000003,-0.020915,-0.014551000000000001,0.02262,-0.013517999999999999,0.0024909999999999997,-0.022677999999999997
603759.SH,0.0032719999999999997,-0.01087,-0.046154,0.004608,-0.00344,-0.001151,-0.002304,0.004619,-0.010345
603766.SH,0.0,0.030074999999999998,-0.023723,-0.005607,0.0,0.005639,-0.003738,0.0037519999999999997,-0.016822
603776.SH,0.006081,0.002686,0.004689,0.013333,-0.031579,0.004755,-0.017579,0.015141,-0.008813999999999999
603786.SH,-0.028395,0.003812,-0.038228,0.010792,0.036458,0.029899,0.00244,0.003164,-0.010795999999999998
603818.SH,-0.006861000000000001,-0.003454,0.0051990000000000005,-0.012069000000000002,-0.010471,-0.003527,-0.0070799999999999995,0.00713,-0.026549
603826.SH,0.009618999999999999,-0.015816,0.0025169999999999997,0.001931,0.001928,-0.005579,0.012768,0.008214,-0.022736
603886.SH,0.0,-0.015175000000000001,0.016949000000000002,-0.012626,0.012787999999999999,-0.005556,0.0,0.010665000000000001,-0.012563
603897.SH,0.005598,0.016194,-0.025896,0.003067,-0.004077,-0.006141,-0.008754,-0.019221,-0.030191
603901.SH,0.021233,-0.013413999999999999,-0.006797999999999999,-0.010267,-0.0013830000000000001,0.010388,-0.009596,-0.013149,-0.014726999999999999
603960.SH,-0.033149000000000005,-0.012571,-0.017361,-0.003534,-0.010638000000000002,-0.0077659999999999995,-0.015653,0.00367,-0.006703
603977.SH,0.0,-0.008772,-0.001106,-0.00443,-0.014461,-0.009029,-0.001139,-0.00114,-0.013699
603987.SH,-0.07063799999999999,-0.011904999999999999,-0.007414,0.005602,-0.0018570000000000001,-0.0009299999999999999,0.006518,0.006475,0.011949000000000001
605006.SH,0.0012670000000000001,0.001266,0.0,-0.016434999999999998,-0.010283,-0.002597,-0.011719,0.001318,-0.023683999999999997
605008.SH,-0.023794,-0.001976,-0.017822,0.028226,0.017647,0.004496,-0.021739,0.004575,-0.027326000000000003
688002.SH,-0.012945,0.006776,0.018888000000000002,0.043255999999999996,0.0008169999999999999,-0.006122,0.008008,0.009574000000000001,-0.00222
688003.SH,0.015788,-0.0055000000000000005,-0.015387999999999999,0.030281,-0.009007,0.03779,-0.050933,0.016513,-0.047778
688007.SH,0.011101000000000001,-0.002745,-0.006881000000000001,0.001386,-0.004151,-0.002779,-0.009754,0.0,-0.020169000000000003
688018.SH,0.023119,-0.022348,0.010707,-0.026232000000000002,-0.004749,-0.011017999999999998,-0.026579000000000002,0.018383,0.002212
688020.SH,-0.003769,0.09056499999999999,-0.007549,-0.027549,-0.019873000000000002,-0.010354,0.028771,-0.017797,-0.016177999999999998
688023.SH,0.006454,-0.003978,-0.002265,0.028260999999999998,-0.006624,-0.015442,0.000416,0.0031469999999999996,-0.025929
688166.SH,-0.027778,-0.016040000000000002,-0.0015279999999999998,-0.004592,-0.009739,0.005175999999999999,0.013903,0.001016,0.00964
688198.SH,0.010067999999999999,-0.008794999999999999,0.002704,0.008511999999999999,-0.057157,0.011433,0.055117,-0.005149,0.027298
688208.SH,-0.016189,-0.004799,0.0031,0.007212,-0.012274,-0.00932,-0.016375999999999998,0.004251,-0.029982
688239.SH,0.041629,-0.0060550000000000005,-0.016536,0.010619,-0.019615,0.00393,-0.00605,0.022376999999999998,0.004027
688269.SH,0.0015890000000000001,0.009203,-0.000786,-0.006293999999999999,-0.017894,-0.008707,-0.0016270000000000002,-0.00016299999999999998,-0.021998000000000004
688289.SH,-0.008306000000000001,-0.008934,0.0067610000000000005,0.003917,-0.0016719999999999999,-0.004467,0.010656,-0.016648,-0.009029
688299.SH,0.0,-0.0064139999999999996,-0.0019370000000000001,0.0,-0.018111,-0.001318,-0.0026390000000000003,-0.001984,-0.025844999999999996
688368.SH,0.001083,-0.005487,-0.008548,0.006662,-0.015416000000000001,-0.034714999999999996,-0.00852,-0.013881,-0.03695
688377.SH,0.034483,0.013186999999999999,-0.013015,0.010256000000000001,-0.016316,-0.023222,-0.000755,0.017749,-0.052319000000000004
688513.SH,-0.009978,-0.003291,-0.005778,0.000623,-0.037752,0.018538,0.008042,0.007768000000000001,-0.019583
688518.SH,-0.027639999999999998,-0.002546,-0.002127,0.057118,-0.002823,-0.0016170000000000002,0.00040500000000000003,0.017814,-0.025457
688520.SH,-0.049129,-0.002382,0.012121,-0.020323,-0.044267,0.003876,0.020463,0.012107000000000001,0.014766
688526.SH,0.011369,-0.025076,-0.000443,-0.014641,-0.028366,-0.007414,-0.0046689999999999995,0.006098,-0.01352
688538.SH,0.0,0.0,0.003759,-0.007491,0.0,0.0,-0.003774,-0.003788,0.003802
688559.SH,-0.012140999999999999,0.019888,-0.006792,0.005515,-0.01075,-0.008206,-0.00044699999999999997,-0.00604,-0.017556000000000002
688595.SH,0.014700999999999999,0.009659,0.03139,0.005797,-0.016427,-0.035453,-0.021263999999999998,0.001862,-0.037175
688660.SH,0.0070420000000000005,-0.0017480000000000002,0.0,0.0,-0.005254,-0.0070420000000000005,-0.007092,-0.001786,-0.0161
688661.SH,0.005886,0.001721,-0.015464,0.009599,0.0055320000000000005,-0.023208000000000003,-0.024991,0.001805,-0.032252
688665.SH,0.0040089999999999995,0.051903,-0.028229,0.053948,0.0044009999999999995,-0.031362,-0.022735,-0.021315,-0.026882000000000003
688667.SH,0.033811,0.01641,0.000569,-0.040568,-0.028780999999999998,-0.007683,-0.020646,-0.013803000000000001,-0.019723
688788.SH,-0.0021190000000000002,-0.00345,-0.004794,0.011507,-0.0068779999999999996,-0.01252,-0.006744,0.002988,-0.000542
