,ts_code,profit_daily,trade_date
0,600525.SH,-0.007491,20230801
1,600528.SH,0.018646,20230801
2,600511.SH,-0.029447,20230801
3,600498.SH,0.012421999999999999,20230801
4,600496.SH,0.0,20230801
5,600502.SH,0.0052910000000000006,20230801
6,600508.SH,0.011042000000000001,20230801
7,600590.SH,-0.001451,20230801
8,600597.SH,-0.00182,20230801
9,600612.SH,0.0067220000000000005,20230801
10,600587.SH,-0.011843,20230801
11,600577.SH,0.101149,20230801
12,600578.SH,0.021858,20230801
13,600582.SH,0.008757000000000001,20230801
14,600583.SH,0.00639,20230801
15,600480.SH,0.0031119999999999997,20230801
16,600336.SH,0.0,20230801
17,600362.SH,0.010505,20230801
18,600619.SH,0.0,20230801
19,600312.SH,0.0059570000000000005,20230801
20,600428.SH,0.0015310000000000002,20230801
21,600458.SH,0.008123,20230801
22,600459.SH,0.014276,20230801
23,600420.SH,-0.009242,20230801
24,600396.SH,0.036885,20230801
25,600861.SH,0.004525,20230801
26,600866.SH,0.010676000000000001,20230801
27,600871.SH,0.013825,20230801
28,600805.SH,0.019149,20230801
29,600820.SH,0.003165,20230801
30,600961.SH,0.027563,20230801
31,600966.SH,-0.002928,20230801
32,600968.SH,0.006431,20230801
33,600973.SH,0.065637,20230801
34,600976.SH,-0.014917,20230801
35,600933.SH,-0.010336000000000001,20230801
36,600929.SH,-0.007624,20230801
37,600685.SH,-0.017929,20230801
38,600699.SH,-0.021030000000000004,20230801
39,600707.SH,0.014173,20230801
40,600710.SH,-0.0024360000000000002,20230801
41,600626.SH,0.007895,20230801
42,600635.SH,0.00565,20230801
43,600662.SH,0.0,20230801
44,600780.SH,0.0031190000000000002,20230801
45,600789.SH,-0.005988,20230801
46,600792.SH,0.024862000000000002,20230801
47,600727.SH,-0.003241,20230801
48,600729.SH,-0.000562,20230801
49,600731.SH,-0.008816000000000001,20230801
50,600737.SH,-0.011961999999999999,20230801
51,300909.SZ,-0.0028810000000000003,20230801
52,300951.SZ,0.002632,20230801
53,300900.SZ,-0.005901999999999999,20230801
54,300902.SZ,-0.011833,20230801
55,301090.SZ,-0.004562,20230801
56,300976.SZ,-0.004716000000000001,20230801
57,301015.SZ,-0.119936,20230801
58,301017.SZ,-0.012017,20230801
59,300752.SZ,0.001833,20230801
60,300739.SZ,-0.010021,20230801
61,300832.SZ,-0.022792,20230801
62,300833.SZ,0.0,20230801
63,600170.SH,0.006734,20230801
64,600180.SH,0.003215,20230801
65,600169.SH,0.0038309999999999998,20230801
66,600168.SH,0.003125,20230801
67,600166.SH,0.007958,20230801
68,600143.SH,0.002195,20230801
69,600269.SH,0.005102,20230801
70,600278.SH,-0.010178,20230801
71,600285.SH,-0.005253,20230801
72,600292.SH,0.0016309999999999999,20230801
73,600210.SH,-0.0056289999999999995,20230801
74,600218.SH,0.0,20230801
75,600052.SH,-0.003992,20230801
76,600098.SH,0.004717,20230801
77,600060.SH,0.00046300000000000003,20230801
78,600073.SH,-0.005051,20230801
79,600079.SH,-0.013711,20230801
80,603968.SH,-0.001127,20230801
81,603977.SH,0.0,20230801
82,603901.SH,0.021233,20230801
83,605116.SH,0.000861,20230801
84,605183.SH,-0.007399,20230801
85,603987.SH,-0.07063799999999999,20230801
86,605008.SH,-0.023794,20230801
87,603859.SH,0.025006,20230801
88,603611.SH,-0.00040599999999999995,20230801
89,603609.SH,-0.009288,20230801
90,603527.SH,-0.00638,20230801
91,603533.SH,-0.011383,20230801
92,603535.SH,0.0064139999999999996,20230801
93,603556.SH,0.033491,20230801
94,603588.SH,-0.008945999999999999,20230801
95,603800.SH,0.030313,20230801
96,603766.SH,0.0,20230801
97,688516.SH,-0.005408,20230801
98,688519.SH,-0.015517000000000001,20230801
99,688526.SH,0.011369,20230801
100,688575.SH,-0.037166000000000005,20230801
101,688578.SH,-0.010270999999999999,20230801
102,688368.SH,0.001083,20230801
103,688377.SH,0.034483,20230801
104,688383.SH,0.000557,20230801
105,688389.SH,-0.030093,20230801
106,688617.SH,-0.029550999999999997,20230801
107,688660.SH,0.0070420000000000005,20230801
108,688665.SH,0.0040089999999999995,20230801
109,688018.SH,0.023119,20230801
110,605507.SH,-0.013678999999999998,20230801
111,688002.SH,-0.012945,20230801
112,688198.SH,0.010067999999999999,20230801
113,688239.SH,0.041629,20230801
114,688269.SH,0.0015890000000000001,20230801
115,688166.SH,-0.027778,20230801
116,601611.SH,-0.007317000000000001,20230801
117,601619.SH,0.006961,20230801
118,601686.SH,0.025849999999999998,20230801
119,601609.SH,0.014903,20230801
120,601512.SH,-0.010752999999999999,20230801
121,601717.SH,-0.011271999999999999,20230801
122,601886.SH,0.0,20230801
123,601918.SH,0.006912000000000001,20230801
124,601811.SH,0.0,20230801
125,601827.SH,-0.0012970000000000002,20230801
126,601038.SH,-0.010952,20230801
127,601107.SH,0.002326,20230801
128,600986.SH,-0.011513,20230801
129,600987.SH,0.039710999999999996,20230801
130,600993.SH,-0.015276000000000001,20230801
131,600997.SH,0.020280999999999997,20230801
132,601226.SH,-0.011204,20230801
133,601330.SH,0.007916,20230801
134,601137.SH,0.006676,20230801
135,601139.SH,0.017833,20230801
136,601200.SH,0.000994,20230801
137,601208.SH,0.005997,20230801
138,601963.SH,-0.001208,20230801
139,603283.SH,-0.005960999999999999,20230801
140,603297.SH,0.003378,20230801
141,603299.SH,-0.001988,20230801
142,603303.SH,-0.029392,20230801
143,603313.SH,-0.005168000000000001,20230801
144,603277.SH,0.002788,20230801
145,603217.SH,-0.009046,20230801
146,603225.SH,-0.008163,20230801
147,603239.SH,-0.010731,20230801
148,603390.SH,-0.016847,20230801
149,603500.SH,-0.003918,20230801
150,603386.SH,0.003646,20230801
151,603337.SH,0.000972,20230801
152,603353.SH,0.002485,20230801
153,603358.SH,-0.006842,20230801
154,603368.SH,-0.0014099999999999998,20230801
155,603020.SH,0.0,20230801
156,603028.SH,0.0050929999999999994,20230801
157,603013.SH,-0.010289,20230801
158,603012.SH,-0.00487,20230801
159,603010.SH,-0.0017649999999999999,20230801
160,601991.SH,0.022364000000000002,20230801
161,603071.SH,0.002946,20230801
162,603166.SH,-0.005814000000000001,20230801
163,603181.SH,-0.006873000000000001,20230801
164,603100.SH,0.024439000000000002,20230801
165,603197.SH,-0.001428,20230801
166,002237.SZ,0.015319000000000001,20230801
167,002239.SZ,0.010752999999999999,20230801
168,002215.SZ,0.005642,20230801
169,002203.SZ,-0.0040420000000000005,20230801
170,002293.SZ,-0.016565,20230801
171,002294.SZ,-0.008097,20230801
172,002249.SZ,-0.005263,20230801
173,002258.SZ,-0.007576,20230801
174,002262.SZ,-0.018914,20230801
175,002266.SZ,-0.002326,20230801
176,002273.SZ,-0.0008699999999999999,20230801
177,002183.SZ,-0.003711,20230801
178,002087.SZ,0.033493,20230801
179,002097.SZ,0.028485999999999997,20230801
180,002106.SZ,0.0034599999999999995,20230801
181,002111.SZ,-0.00639,20230801
182,002081.SZ,-0.0020239999999999998,20230801
183,002060.SZ,-0.001529,20230801
184,002067.SZ,0.002778,20230801
185,002160.SZ,0.014018999999999998,20230801
186,002161.SZ,-0.0018520000000000001,20230801
187,002170.SZ,-0.007987,20230801
188,002171.SZ,0.009459,20230801
189,002149.SZ,0.017103999999999998,20230801
190,002126.SZ,-0.014542999999999999,20230801
191,002130.SZ,-0.035714,20230801
192,002483.SZ,-0.015733999999999998,20230801
193,002440.SZ,0.007062000000000001,20230801
194,002442.SZ,0.0,20230801
195,002449.SZ,0.003382,20230801
196,002453.SZ,-0.015371,20230801
197,002540.SZ,0.0,20230801
198,002556.SZ,-0.008986,20230801
199,002324.SZ,-0.011177,20230801
200,002416.SZ,-0.003764,20230801
201,002429.SZ,0.011342000000000001,20230801
202,002382.SZ,-0.001381,20230801
203,002387.SZ,0.003745,20230801
204,002391.SZ,-0.0013830000000000001,20230801
205,002392.SZ,0.012821,20230801
206,002393.SZ,-0.0076549999999999995,20230801
207,002054.SZ,0.00411,20230801
208,000601.SZ,0.015283999999999999,20230801
209,000630.SZ,0.018462,20230801
210,000582.SZ,0.00609,20230801
211,000541.SZ,0.0161,20230801
212,000551.SZ,-0.040187,20230801
213,000559.SZ,0.003584,20230801
214,000727.SZ,0.026087,20230801
215,000709.SZ,0.024895999999999998,20230801
216,000680.SZ,-0.0018729999999999999,20230801
217,000061.SZ,0.019746,20230801
218,000078.SZ,0.003115,20230801
219,000089.SZ,0.0,20230801
220,000039.SZ,0.005413,20230801
221,000030.SZ,-0.014388000000000001,20230801
222,000498.SZ,0.0,20230801
223,000521.SZ,0.0061070000000000004,20230801
224,000528.SZ,0.010013000000000001,20230801
225,000426.SZ,-0.008602,20230801
226,002053.SZ,0.0026040000000000004,20230801
227,000973.SZ,0.006397000000000001,20230801
228,000987.SZ,0.0053690000000000005,20230801
229,000969.SZ,0.015168,20230801
230,000931.SZ,0.0033,20230801
231,002041.SZ,-0.004822,20230801
232,001696.SZ,0.002797,20230801
233,002010.SZ,0.003552,20230801
234,002020.SZ,-0.003422,20230801
235,000800.SZ,-0.009709,20230801
236,000801.SZ,-0.011429,20230801
237,000823.SZ,-0.002107,20230801
238,000829.SZ,-0.015350999999999998,20230801
239,000766.SZ,-0.012658,20230801
240,000901.SZ,-0.005792,20230801
241,000906.SZ,-0.002245,20230801
242,000917.SZ,-0.0074399999999999996,20230801
243,000921.SZ,0.032524000000000004,20230801
244,000852.SZ,-0.002591,20230801
245,000881.SZ,0.004884,20230801
246,000885.SZ,-0.00384,20230801
247,000875.SZ,0.009311,20230801
248,300345.SZ,-0.0057799999999999995,20230801
249,300349.SZ,0.019985,20230801
250,300358.SZ,-0.018466,20230801
251,300319.SZ,0.003497,20230801
252,300294.SZ,0.0060940000000000005,20230801
253,300206.SZ,-0.010589999999999999,20230801
254,300219.SZ,0.013569,20230801
255,300183.SZ,-0.002596,20230801
256,300279.SZ,0.003578,20230801
257,300289.SZ,-0.003407,20230801
258,300239.SZ,0.00313,20230801
259,300241.SZ,0.001961,20230801
260,300636.SZ,-0.002575,20230801
261,300577.SZ,-0.008934,20230801
262,300683.SZ,0.010013000000000001,20230801
263,300705.SZ,-0.045375,20230801
264,300470.SZ,0.00658,20230801
265,300488.SZ,-0.015446,20230801
266,300441.SZ,-0.013311,20230801
267,300536.SZ,-0.003406,20230801
268,300543.SZ,0.0010580000000000001,20230801
269,002768.SZ,-0.0052380000000000005,20230801
270,002752.SZ,-0.004057,20230801
271,002724.SZ,0.023613,20230801
272,002745.SZ,0.003226,20230801
273,002869.SZ,-0.014532,20230801
274,002859.SZ,-0.010551,20230801
275,002815.SZ,0.006683,20230801
276,002611.SZ,-0.010969,20230801
277,002627.SZ,0.003559,20230801
278,002573.SZ,0.0017569999999999999,20230801
279,002588.SZ,-0.007873999999999999,20230801
280,002676.SZ,-0.011574,20230801
281,002688.SZ,-0.008147,20230801
282,002664.SZ,-0.0021190000000000002,20230801
283,002635.SZ,0.005155,20230801
284,002637.SZ,-0.008889000000000001,20230801
285,002653.SZ,-0.056661,20230801
286,002661.SZ,-0.00369,20230801
287,300082.SZ,0.007509,20230801
288,300040.SZ,0.0,20230801
289,300138.SZ,-0.002912,20230801
290,300121.SZ,-0.00207,20230801
291,300119.SZ,0.002671,20230801
292,002911.SZ,0.009091,20230801
293,002930.SZ,0.0,20230801
294,002937.SZ,-0.012076,20230801
295,002988.SZ,0.004881,20230801
296,002996.SZ,0.00159,20230801
297,600525.SH,-0.007491,20230801
298,600528.SH,0.018646,20230801
299,600511.SH,-0.029447,20230801
300,600496.SH,0.0,20230801
301,600498.SH,0.012421999999999999,20230801
302,600502.SH,0.0052910000000000006,20230801
303,600508.SH,0.011042000000000001,20230801
304,600597.SH,-0.00182,20230801
305,600612.SH,0.0067220000000000005,20230801
306,600619.SH,0.0,20230801
307,600590.SH,-0.001451,20230801
308,600577.SH,0.101149,20230801
309,600578.SH,0.021858,20230801
310,600582.SH,0.008757000000000001,20230801
311,600583.SH,0.00639,20230801
312,600587.SH,-0.011843,20230801
313,600480.SH,0.0031119999999999997,20230801
314,600362.SH,0.010505,20230801
315,600336.SH,0.0,20230801
316,600312.SH,0.0059570000000000005,20230801
317,600428.SH,0.0015310000000000002,20230801
318,600458.SH,0.008123,20230801
319,600459.SH,0.014276,20230801
320,600420.SH,-0.009242,20230801
321,600396.SH,0.036885,20230801
322,600861.SH,0.004525,20230801
323,600866.SH,0.010676000000000001,20230801
324,600871.SH,0.013825,20230801
325,600805.SH,0.019149,20230801
326,600820.SH,0.003165,20230801
327,600961.SH,0.027563,20230801
328,600966.SH,-0.002928,20230801
329,600968.SH,0.006431,20230801
330,600973.SH,0.065637,20230801
331,600976.SH,-0.014917,20230801
332,600929.SH,-0.007624,20230801
333,600933.SH,-0.010336000000000001,20230801
334,600685.SH,-0.017929,20230801
335,600699.SH,-0.021030000000000004,20230801
336,600707.SH,0.014173,20230801
337,600710.SH,-0.0024360000000000002,20230801
338,600626.SH,0.007895,20230801
339,600635.SH,0.00565,20230801
340,600662.SH,0.0,20230801
341,600780.SH,0.0031190000000000002,20230801
342,600789.SH,-0.005988,20230801
343,600792.SH,0.024862000000000002,20230801
344,600727.SH,-0.003241,20230801
345,600729.SH,-0.000562,20230801
346,600731.SH,-0.008816000000000001,20230801
347,600737.SH,-0.011961999999999999,20230801
348,300909.SZ,-0.0028810000000000003,20230801
349,300951.SZ,0.002632,20230801
350,300900.SZ,-0.005901999999999999,20230801
351,300902.SZ,-0.011833,20230801
352,301090.SZ,-0.004562,20230801
353,300976.SZ,-0.004716000000000001,20230801
354,301015.SZ,-0.119936,20230801
355,301017.SZ,-0.012017,20230801
356,300752.SZ,0.001833,20230801
357,300739.SZ,-0.010021,20230801
358,300832.SZ,-0.022792,20230801
359,300833.SZ,0.0,20230801
360,600170.SH,0.006734,20230801
361,600180.SH,0.003215,20230801
362,600169.SH,0.0038309999999999998,20230801
363,600168.SH,0.003125,20230801
364,600166.SH,0.007958,20230801
365,600143.SH,0.002195,20230801
366,600269.SH,0.005102,20230801
367,600278.SH,-0.010178,20230801
368,600285.SH,-0.005253,20230801
369,600292.SH,0.0016309999999999999,20230801
370,600210.SH,-0.0056289999999999995,20230801
371,600218.SH,0.0,20230801
372,600052.SH,-0.003992,20230801
373,600098.SH,0.004717,20230801
374,600060.SH,0.00046300000000000003,20230801
375,600073.SH,-0.005051,20230801
376,600079.SH,-0.013711,20230801
377,603968.SH,-0.001127,20230801
378,603977.SH,0.0,20230801
379,603901.SH,0.021233,20230801
380,603987.SH,-0.07063799999999999,20230801
381,605183.SH,-0.007399,20230801
382,605116.SH,0.000861,20230801
383,605008.SH,-0.023794,20230801
384,603611.SH,-0.00040599999999999995,20230801
385,603609.SH,-0.009288,20230801
386,603533.SH,-0.011383,20230801
387,603535.SH,0.0064139999999999996,20230801
388,603556.SH,0.033491,20230801
389,603588.SH,-0.008945999999999999,20230801
390,603800.SH,0.030313,20230801
391,603859.SH,0.025006,20230801
392,603766.SH,0.0,20230801
393,603527.SH,-0.00638,20230801
394,688516.SH,-0.005408,20230801
395,688519.SH,-0.015517000000000001,20230801
396,688526.SH,0.011369,20230801
397,688575.SH,-0.037166000000000005,20230801
398,688578.SH,-0.010270999999999999,20230801
399,688368.SH,0.001083,20230801
400,688377.SH,0.034483,20230801
401,688383.SH,0.000557,20230801
402,688389.SH,-0.030093,20230801
403,688617.SH,-0.029550999999999997,20230801
404,688660.SH,0.0070420000000000005,20230801
405,688665.SH,0.0040089999999999995,20230801
406,688018.SH,0.023119,20230801
407,605507.SH,-0.013678999999999998,20230801
408,688002.SH,-0.012945,20230801
409,688239.SH,0.041629,20230801
410,688269.SH,0.0015890000000000001,20230801
411,688198.SH,0.010067999999999999,20230801
412,688166.SH,-0.027778,20230801
413,601619.SH,0.006961,20230801
414,601686.SH,0.025849999999999998,20230801
415,601611.SH,-0.007317000000000001,20230801
416,601512.SH,-0.010752999999999999,20230801
417,601609.SH,0.014903,20230801
418,601717.SH,-0.011271999999999999,20230801
419,601886.SH,0.0,20230801
420,601918.SH,0.006912000000000001,20230801
421,601811.SH,0.0,20230801
422,601827.SH,-0.0012970000000000002,20230801
423,601038.SH,-0.010952,20230801
424,601107.SH,0.002326,20230801
425,600986.SH,-0.011513,20230801
426,600987.SH,0.039710999999999996,20230801
427,600993.SH,-0.015276000000000001,20230801
428,600997.SH,0.020280999999999997,20230801
429,601330.SH,0.007916,20230801
430,601226.SH,-0.011204,20230801
431,601137.SH,0.006676,20230801
432,601139.SH,0.017833,20230801
433,601963.SH,-0.001208,20230801
434,601200.SH,0.000994,20230801
435,601208.SH,0.005997,20230801
436,603297.SH,0.003378,20230801
437,603299.SH,-0.001988,20230801
438,603303.SH,-0.029392,20230801
439,603313.SH,-0.005168000000000001,20230801
440,603283.SH,-0.005960999999999999,20230801
441,603277.SH,0.002788,20230801
442,603217.SH,-0.009046,20230801
443,603225.SH,-0.008163,20230801
444,603239.SH,-0.010731,20230801
445,603500.SH,-0.003918,20230801
446,603390.SH,-0.016847,20230801
447,603386.SH,0.003646,20230801
448,603337.SH,0.000972,20230801
449,603353.SH,0.002485,20230801
450,603358.SH,-0.006842,20230801
451,603368.SH,-0.0014099999999999998,20230801
452,603020.SH,0.0,20230801
453,603028.SH,0.0050929999999999994,20230801
454,603012.SH,-0.00487,20230801
455,601991.SH,0.022364000000000002,20230801
456,603010.SH,-0.0017649999999999999,20230801
457,603013.SH,-0.010289,20230801
458,603071.SH,0.002946,20230801
459,603166.SH,-0.005814000000000001,20230801
460,603181.SH,-0.006873000000000001,20230801
461,603197.SH,-0.001428,20230801
462,603100.SH,0.024439000000000002,20230801
463,002237.SZ,0.015319000000000001,20230801
464,002239.SZ,0.010752999999999999,20230801
465,002203.SZ,-0.0040420000000000005,20230801
466,002215.SZ,0.005642,20230801
467,002293.SZ,-0.016565,20230801
468,002294.SZ,-0.008097,20230801
469,002249.SZ,-0.005263,20230801
470,002258.SZ,-0.007576,20230801
471,002262.SZ,-0.018914,20230801
472,002266.SZ,-0.002326,20230801
473,002273.SZ,-0.0008699999999999999,20230801
474,002183.SZ,-0.003711,20230801
475,002097.SZ,0.028485999999999997,20230801
476,002106.SZ,0.0034599999999999995,20230801
477,002111.SZ,-0.00639,20230801
478,002087.SZ,0.033493,20230801
479,002060.SZ,-0.001529,20230801
480,002067.SZ,0.002778,20230801
481,002081.SZ,-0.0020239999999999998,20230801
482,002160.SZ,0.014018999999999998,20230801
483,002161.SZ,-0.0018520000000000001,20230801
484,002170.SZ,-0.007987,20230801
485,002171.SZ,0.009459,20230801
486,002126.SZ,-0.014542999999999999,20230801
487,002130.SZ,-0.035714,20230801
488,002149.SZ,0.017103999999999998,20230801
489,002483.SZ,-0.015733999999999998,20230801
490,002442.SZ,0.0,20230801
491,002449.SZ,0.003382,20230801
492,002453.SZ,-0.015371,20230801
493,002556.SZ,-0.008986,20230801
494,002540.SZ,0.0,20230801
495,002440.SZ,0.007062000000000001,20230801
496,002324.SZ,-0.011177,20230801
497,002416.SZ,-0.003764,20230801
498,002429.SZ,0.011342000000000001,20230801
499,002382.SZ,-0.001381,20230801
500,002387.SZ,0.003745,20230801
501,002392.SZ,0.012821,20230801
502,002393.SZ,-0.0076549999999999995,20230801
503,002391.SZ,-0.0013830000000000001,20230801
504,002054.SZ,0.00411,20230801
505,000601.SZ,0.015283999999999999,20230801
506,000630.SZ,0.018462,20230801
507,000551.SZ,-0.040187,20230801
508,000559.SZ,0.003584,20230801
509,000582.SZ,0.00609,20230801
510,000727.SZ,0.026087,20230801
511,000709.SZ,0.024895999999999998,20230801
512,000680.SZ,-0.0018729999999999999,20230801
513,000541.SZ,0.0161,20230801
514,000061.SZ,0.019746,20230801
515,000078.SZ,0.003115,20230801
516,000089.SZ,0.0,20230801
517,000030.SZ,-0.014388000000000001,20230801
518,000039.SZ,0.005413,20230801
519,000521.SZ,0.0061070000000000004,20230801
520,000528.SZ,0.010013000000000001,20230801
521,000498.SZ,0.0,20230801
522,000426.SZ,-0.008602,20230801
523,000973.SZ,0.006397000000000001,20230801
524,000987.SZ,0.0053690000000000005,20230801
525,000969.SZ,0.015168,20230801
526,000931.SZ,0.0033,20230801
527,002041.SZ,-0.004822,20230801
528,002053.SZ,0.0026040000000000004,20230801
529,001696.SZ,0.002797,20230801
530,002010.SZ,0.003552,20230801
531,002020.SZ,-0.003422,20230801
532,000800.SZ,-0.009709,20230801
533,000801.SZ,-0.011429,20230801
534,000823.SZ,-0.002107,20230801
535,000829.SZ,-0.015350999999999998,20230801
536,000766.SZ,-0.012658,20230801
537,000901.SZ,-0.005792,20230801
538,000906.SZ,-0.002245,20230801
539,000917.SZ,-0.0074399999999999996,20230801
540,000921.SZ,0.032524000000000004,20230801
541,000852.SZ,-0.002591,20230801
542,000875.SZ,0.009311,20230801
543,000881.SZ,0.004884,20230801
544,000885.SZ,-0.00384,20230801
545,300345.SZ,-0.0057799999999999995,20230801
546,300349.SZ,0.019985,20230801
547,300358.SZ,-0.018466,20230801
548,300319.SZ,0.003497,20230801
549,300294.SZ,0.0060940000000000005,20230801
550,300206.SZ,-0.010589999999999999,20230801
551,300219.SZ,0.013569,20230801
552,300183.SZ,-0.002596,20230801
553,300279.SZ,0.003578,20230801
554,300289.SZ,-0.003407,20230801
555,300239.SZ,0.00313,20230801
556,300241.SZ,0.001961,20230801
557,300636.SZ,-0.002575,20230801
558,300577.SZ,-0.008934,20230801
559,300683.SZ,0.010013000000000001,20230801
560,300705.SZ,-0.045375,20230801
561,300470.SZ,0.00658,20230801
562,300488.SZ,-0.015446,20230801
563,300441.SZ,-0.013311,20230801
564,300543.SZ,0.0010580000000000001,20230801
565,300536.SZ,-0.003406,20230801
566,002768.SZ,-0.0052380000000000005,20230801
567,002724.SZ,0.023613,20230801
568,002745.SZ,0.003226,20230801
569,002752.SZ,-0.004057,20230801
570,002869.SZ,-0.014532,20230801
571,002815.SZ,0.006683,20230801
572,002859.SZ,-0.010551,20230801
573,002611.SZ,-0.010969,20230801
574,002627.SZ,0.003559,20230801
575,002573.SZ,0.0017569999999999999,20230801
576,002588.SZ,-0.007873999999999999,20230801
577,002676.SZ,-0.011574,20230801
578,002688.SZ,-0.008147,20230801
579,002664.SZ,-0.0021190000000000002,20230801
580,002635.SZ,0.005155,20230801
581,002637.SZ,-0.008889000000000001,20230801
582,002653.SZ,-0.056661,20230801
583,002661.SZ,-0.00369,20230801
584,300082.SZ,0.007509,20230801
585,300040.SZ,0.0,20230801
586,300138.SZ,-0.002912,20230801
587,300121.SZ,-0.00207,20230801
588,300119.SZ,0.002671,20230801
589,002930.SZ,0.0,20230801
590,002937.SZ,-0.012076,20230801
591,002911.SZ,0.009091,20230801
592,002988.SZ,0.004881,20230801
593,002996.SZ,0.00159,20230801
594,600525.SH,0.005659999999999999,20230802
595,600528.SH,-0.009634,20230802
596,600496.SH,-0.002519,20230802
597,600511.SH,0.002477,20230802
598,600502.SH,0.0,20230802
599,600508.SH,-0.015700000000000002,20230802
600,600498.SH,-0.004462,20230802
601,600583.SH,-0.01746,20230802
602,600590.SH,0.001453,20230802
603,600597.SH,0.0045579999999999996,20230802
604,600612.SH,-0.015421,20230802
605,600587.SH,-0.044766,20230802
606,600577.SH,0.066806,20230802
607,600578.SH,-0.002674,20230802
608,600582.SH,0.0,20230802
609,600480.SH,-0.007239,20230802
610,600336.SH,0.001704,20230802
611,600362.SH,0.0,20230802
612,600619.SH,0.012559,20230802
613,600312.SH,-0.031303,20230802
614,600428.SH,-0.016819999999999998,20230802
615,600458.SH,0.0,20230802
616,600459.SH,0.00064,20230802
617,600420.SH,-0.033582,20230802
618,600396.SH,0.0,20230802
619,600976.SH,0.006977,20230802
620,600861.SH,-0.005254999999999999,20230802
621,600866.SH,-0.001761,20230802
622,600871.SH,0.0,20230802
623,600805.SH,0.004175,20230802
624,600820.SH,-0.003155,20230802
625,600961.SH,-0.003219,20230802
626,600966.SH,-0.007342,20230802
627,600968.SH,0.01278,20230802
628,600973.SH,-0.012681,20230802
629,600933.SH,0.013925,20230802
630,600929.SH,-0.006402,20230802
631,600685.SH,-0.020863999999999997,20230802
632,600699.SH,0.006444999999999999,20230802
633,600707.SH,0.003106,20230802
634,600710.SH,-0.007326,20230802
635,600626.SH,0.005222,20230802
636,600635.SH,-0.002809,20230802
637,600662.SH,0.0,20230802
638,600780.SH,0.0031090000000000002,20230802
639,600789.SH,-0.0030120000000000004,20230802
640,600792.SH,-0.010782,20230802
641,600727.SH,-0.0032519999999999997,20230802
642,600729.SH,0.006464,20230802
643,600731.SH,-0.008895,20230802
644,600737.SH,-0.015738000000000002,20230802
645,300909.SZ,0.010318,20230802
646,300951.SZ,0.005451,20230802
647,300902.SZ,0.007009,20230802
648,300900.SZ,0.000742,20230802
649,301090.SZ,-0.0055000000000000005,20230802
650,300976.SZ,0.010919000000000002,20230802
651,301015.SZ,-0.011733,20230802
652,301017.SZ,0.01798,20230802
653,300752.SZ,0.00122,20230802
654,300739.SZ,0.006508000000000001,20230802
655,300832.SZ,0.024589,20230802
656,300833.SZ,-0.005339,20230802
657,600169.SH,-0.0038169999999999996,20230802
658,600170.SH,-0.010033,20230802
659,600180.SH,-0.003205,20230802
660,600168.SH,0.0062309999999999996,20230802
661,600143.SH,-0.005476,20230802
662,600166.SH,-0.005263,20230802
663,600269.SH,-0.007613999999999999,20230802
664,600278.SH,0.0,20230802
665,600285.SH,-0.016502,20230802
666,600292.SH,-0.008143000000000001,20230802
667,600210.SH,0.001887,20230802
668,600218.SH,0.0055249999999999995,20230802
669,600098.SH,-0.0046949999999999995,20230802
670,600052.SH,0.01002,20230802
671,600060.SH,0.010176000000000001,20230802
672,600073.SH,0.0038069999999999996,20230802
673,600079.SH,-0.033632,20230802
674,603968.SH,-0.001692,20230802
675,603977.SH,-0.008772,20230802
676,603901.SH,-0.013413999999999999,20230802
677,603987.SH,-0.011904999999999999,20230802
678,605183.SH,-0.013188,20230802
679,605116.SH,-0.017627,20230802
680,605008.SH,-0.001976,20230802
681,603611.SH,-0.017458,20230802
682,603609.SH,-0.009375,20230802
683,603533.SH,-0.002985,20230802
684,603535.SH,-0.002317,20230802
685,603556.SH,-0.017537,20230802
686,603588.SH,-0.002006,20230802
687,603800.SH,0.100165,20230802
688,603859.SH,0.0036820000000000004,20230802
689,603766.SH,0.030074999999999998,20230802
690,603527.SH,-0.002408,20230802
691,688516.SH,0.001052,20230802
692,688519.SH,0.027789,20230802
693,688526.SH,-0.025076,20230802
694,688575.SH,-0.0030159999999999996,20230802
695,688578.SH,-0.027057,20230802
696,688368.SH,-0.005487,20230802
697,688377.SH,0.013186999999999999,20230802
698,688383.SH,0.023073,20230802
699,688389.SH,-0.046300999999999995,20230802
700,688617.SH,-0.016102,20230802
701,688660.SH,-0.0017480000000000002,20230802
702,688665.SH,0.051903,20230802
703,688018.SH,-0.022348,20230802
704,605507.SH,-0.002869,20230802
705,688002.SH,0.006776,20230802
706,688239.SH,-0.0060550000000000005,20230802
707,688269.SH,0.009203,20230802
708,688198.SH,-0.008794999999999999,20230802
709,688166.SH,-0.016040000000000002,20230802
710,601619.SH,-0.002304,20230802
711,601686.SH,0.0,20230802
712,601611.SH,0.003686,20230802
713,601609.SH,0.0029370000000000004,20230802
714,601512.SH,-0.000988,20230802
715,601886.SH,0.006515,20230802
716,601918.SH,-0.011442,20230802
717,601717.SH,-0.008143000000000001,20230802
718,601811.SH,-0.014957,20230802
719,601827.SH,-0.002597,20230802
720,601038.SH,-0.005963,20230802
721,601107.SH,0.0,20230802
722,600986.SH,-0.008319,20230802
723,600987.SH,0.013889,20230802
724,600993.SH,-0.018298000000000002,20230802
725,600997.SH,-0.010703,20230802
726,601226.SH,-0.001416,20230802
727,601330.SH,0.0,20230802
728,601137.SH,0.006631000000000001,20230802
729,601139.SH,-0.008086,20230802
730,601200.SH,-0.002979,20230802
731,601208.SH,0.00149,20230802
732,601963.SH,-0.008464000000000001,20230802
733,603297.SH,0.032827999999999996,20230802
734,603299.SH,-0.007968,20230802
735,603303.SH,-0.021126999999999996,20230802
736,603313.SH,-0.014719,20230802
737,603283.SH,0.07016499999999999,20230802
738,603217.SH,-0.011203000000000001,20230802
739,603225.SH,-0.014815,20230802
740,603239.SH,0.011525,20230802
741,603277.SH,0.007943,20230802
742,603500.SH,-0.000787,20230802
743,603390.SH,0.0,20230802
744,603386.SH,0.00545,20230802
745,603337.SH,0.027683,20230802
746,603353.SH,-0.004462,20230802
747,603368.SH,-0.023529,20230802
748,603358.SH,0.005166,20230802
749,603197.SH,0.034138,20230802
750,603020.SH,0.0,20230802
751,603028.SH,0.007601,20230802
752,603013.SH,0.002599,20230802
753,601991.SH,-0.0125,20230802
754,603010.SH,0.002653,20230802
755,603012.SH,0.003263,20230802
756,603071.SH,-0.007638000000000001,20230802
757,603166.SH,-0.001462,20230802
758,603181.SH,-0.012111,20230802
759,603100.SH,-0.004716000000000001,20230802
760,002237.SZ,-0.010059,20230802
761,002239.SZ,0.003546,20230802
762,002203.SZ,0.002435,20230802
763,002215.SZ,-0.035063,20230802
764,002293.SZ,-0.016843999999999998,20230802
765,002294.SZ,-0.04113000000000001,20230802
766,002249.SZ,0.0052910000000000006,20230802
767,002258.SZ,-0.012491,20230802
768,002262.SZ,-0.02347,20230802
769,002266.SZ,0.0,20230802
770,002273.SZ,-0.00784,20230802
771,002183.SZ,-0.001862,20230802
772,002097.SZ,0.004373,20230802
773,002106.SZ,0.012643999999999999,20230802
774,002111.SZ,0.003215,20230802
775,002087.SZ,-0.013889,20230802
776,002060.SZ,-0.004594,20230802
777,002067.SZ,0.005540000000000001,20230802
778,002081.SZ,-0.0020280000000000003,20230802
779,002160.SZ,0.002304,20230802
780,002161.SZ,0.011132,20230802
781,002170.SZ,0.00161,20230802
782,002171.SZ,0.006693,20230802
783,002126.SZ,0.0023610000000000003,20230802
784,002130.SZ,0.002849,20230802
785,002149.SZ,-0.054054000000000005,20230802
786,002483.SZ,-0.001776,20230802
787,002442.SZ,0.0,20230802
788,002449.SZ,0.0033710000000000003,20230802
789,002453.SZ,-0.0017349999999999998,20230802
790,002440.SZ,-0.004208,20230802
791,002540.SZ,0.001675,20230802
792,002556.SZ,-0.002591,20230802
793,002324.SZ,0.003768,20230802
794,002416.SZ,-0.010076,20230802
795,002429.SZ,0.016822,20230802
796,002382.SZ,-0.004149,20230802
797,002387.SZ,0.0024879999999999998,20230802
798,002392.SZ,-0.002532,20230802
799,002393.SZ,-0.013398,20230802
800,002391.SZ,-0.00831,20230802
801,002054.SZ,-0.04502,20230802
802,000601.SZ,-0.006452,20230802
803,000630.SZ,-0.012084999999999999,20230802
804,000551.SZ,0.0019470000000000002,20230802
805,000559.SZ,0.005357,20230802
806,000582.SZ,-0.001211,20230802
807,000727.SZ,0.021185999999999997,20230802
808,000709.SZ,-0.004049,20230802
809,000680.SZ,0.0075049999999999995,20230802
810,000541.SZ,0.005282,20230802
811,000061.SZ,-0.0013830000000000001,20230802
812,000078.SZ,-0.0062109999999999995,20230802
813,000089.SZ,-0.005442,20230802
814,000030.SZ,0.012774,20230802
815,000039.SZ,0.002692,20230802
816,000521.SZ,-0.004552,20230802
817,000528.SZ,0.0024779999999999997,20230802
818,000498.SZ,-0.002874,20230802
819,000426.SZ,-0.005423,20230802
820,000973.SZ,0.0021190000000000002,20230802
821,000987.SZ,-0.00267,20230802
822,000969.SZ,0.045891,20230802
823,000931.SZ,0.0032890000000000003,20230802
824,002041.SZ,-0.007268,20230802
825,002053.SZ,-0.001732,20230802
826,001696.SZ,0.006974,20230802
827,002010.SZ,0.0,20230802
828,002020.SZ,-0.015451,20230802
829,000800.SZ,0.005447,20230802
830,000801.SZ,-0.0028899999999999998,20230802
831,000823.SZ,0.00528,20230802
832,000829.SZ,-0.001114,20230802
833,000766.SZ,-0.003663,20230802
834,000901.SZ,-0.0038829999999999997,20230802
835,000906.SZ,0.0011250000000000001,20230802
836,000917.SZ,-0.035982,20230802
837,000921.SZ,0.01428,20230802
838,000852.SZ,-0.011688,20230802
839,000875.SZ,0.0,20230802
840,000881.SZ,-0.00243,20230802
841,000885.SZ,0.003084,20230802
842,300345.SZ,0.013566,20230802
843,300349.SZ,0.006531,20230802
844,300358.SZ,-0.020984,20230802
845,300319.SZ,-0.001161,20230802
846,300294.SZ,-0.019684999999999998,20230802
847,300206.SZ,-0.016819999999999998,20230802
848,300219.SZ,0.001339,20230802
849,300183.SZ,0.0,20230802
850,300279.SZ,0.01426,20230802
851,300289.SZ,-0.008547,20230802
852,300239.SZ,-0.015601,20230802
853,300241.SZ,0.0,20230802
854,300636.SZ,-0.026678,20230802
855,300577.SZ,-0.004808,20230802
856,300683.SZ,-0.01748,20230802
857,300705.SZ,-0.019196,20230802
858,300470.SZ,0.004203,20230802
859,300488.SZ,0.008516000000000001,20230802
860,300441.SZ,0.023609,20230802
861,300536.SZ,0.010936,20230802
862,300543.SZ,0.010570999999999999,20230802
863,002768.SZ,0.0008100000000000001,20230802
864,002724.SZ,-0.020760999999999998,20230802
865,002745.SZ,0.001072,20230802
866,002752.SZ,-0.0020369999999999997,20230802
867,002815.SZ,0.0,20230802
868,002869.SZ,0.005461000000000001,20230802
869,002859.SZ,0.009288,20230802
870,002611.SZ,0.012939,20230802
871,002627.SZ,-0.005319000000000001,20230802
872,002573.SZ,0.0,20230802
873,002588.SZ,0.031745999999999996,20230802
874,002676.SZ,0.002342,20230802
875,002688.SZ,-0.002053,20230802
876,002664.SZ,0.0,20230802
877,002635.SZ,0.013186999999999999,20230802
878,002637.SZ,-0.005381,20230802
879,002653.SZ,-0.005960999999999999,20230802
880,002661.SZ,-0.0037040000000000003,20230802
881,300082.SZ,-0.0062109999999999995,20230802
882,300040.SZ,-0.004862,20230802
883,300138.SZ,-0.016939,20230802
884,300121.SZ,-0.004149,20230802
885,300119.SZ,-0.003729,20230802
886,002911.SZ,0.001502,20230802
887,002930.SZ,-0.020654,20230802
888,002937.SZ,-0.014983999999999999,20230802
889,002988.SZ,0.003778,20230802
890,002996.SZ,-0.0063490000000000005,20230802
891,600525.SH,-0.0075049999999999995,20230803
892,600528.SH,0.000973,20230803
893,600496.SH,0.0,20230803
894,600511.SH,0.039222,20230803
895,600502.SH,-0.003509,20230803
896,600508.SH,-0.004854,20230803
897,600498.SH,-0.003922,20230803
898,600583.SH,0.004847000000000001,20230803
899,600590.SH,-0.008708,20230803
900,600597.SH,0.012704,20230803
901,600612.SH,-0.011949000000000001,20230803
902,600587.SH,-0.01476,20230803
903,600577.SH,-0.09980399999999999,20230803
904,600578.SH,0.0,20230803
905,600582.SH,-0.008681,20230803
906,600480.SH,-0.010417000000000001,20230803
907,600336.SH,0.0,20230803
908,600362.SH,-0.008911,20230803
909,600619.SH,-0.007752,20230803
910,600312.SH,0.014034999999999999,20230803
911,600428.SH,-0.001555,20230803
912,600458.SH,0.001791,20230803
913,600459.SH,-0.008312,20230803
914,600420.SH,0.009653,20230803
915,600396.SH,0.003953,20230803
916,600976.SH,-0.0048649999999999995,20230803
917,600861.SH,0.009811,20230803
918,600866.SH,0.010582000000000001,20230803
919,600871.SH,0.0,20230803
920,600805.SH,-0.010395000000000001,20230803
921,600820.SH,-0.003165,20230803
922,600961.SH,-0.021529,20230803
923,600966.SH,-0.001479,20230803
924,600968.SH,-0.018927,20230803
925,600973.SH,-0.055046,20230803
926,600933.SH,-0.021888,20230803
927,600929.SH,-0.005155,20230803
928,600685.SH,-0.009892999999999999,20230803
929,600699.SH,-0.007471,20230803
930,600707.SH,0.004644,20230803
931,600710.SH,-0.00738,20230803
932,600626.SH,-0.007792,20230803
933,600635.SH,0.0,20230803
934,600662.SH,0.003247,20230803
935,600780.SH,0.0,20230803
936,600789.SH,0.013595,20230803
937,600792.SH,-0.010899,20230803
938,600727.SH,0.003263,20230803
939,600729.SH,-0.007819,20230803
940,600731.SH,-0.017949,20230803
941,600737.SH,0.00369,20230803
942,300909.SZ,-0.013071999999999999,20230803
943,300951.SZ,-0.011446000000000001,20230803
944,300902.SZ,-0.016821,20230803
945,300900.SZ,-0.018168,20230803
946,301090.SZ,-0.002765,20230803
947,300976.SZ,-0.018137,20230803
948,301015.SZ,0.005023,20230803
949,301017.SZ,0.036364,20230803
950,300752.SZ,-0.010353000000000001,20230803
951,300739.SZ,-0.007902,20230803
952,300832.SZ,0.003176,20230803
953,300833.SZ,0.007497,20230803
954,600169.SH,-0.007663,20230803
955,600170.SH,-0.003378,20230803
956,600180.SH,0.001608,20230803
957,600168.SH,0.0,20230803
958,600143.SH,-0.002203,20230803
959,600166.SH,-0.031745999999999996,20230803
960,600269.SH,0.0025580000000000004,20230803
961,600278.SH,0.0,20230803
962,600285.SH,0.010067,20230803
963,600292.SH,-0.0032840000000000005,20230803
964,600210.SH,0.003766,20230803
965,600218.SH,-0.008791,20230803
966,600098.SH,0.0031450000000000002,20230803
967,600052.SH,0.009921,20230803
968,600060.SH,-0.005495,20230803
969,600073.SH,0.005057000000000001,20230803
970,600079.SH,0.040834999999999996,20230803
971,603968.SH,-0.00113,20230803
972,603977.SH,-0.001106,20230803
973,603901.SH,-0.006797999999999999,20230803
974,605183.SH,0.0,20230803
975,605116.SH,-0.028446,20230803
976,603987.SH,-0.007414,20230803
977,605008.SH,-0.017822,20230803
978,603859.SH,-0.016051,20230803
979,603611.SH,0.004545,20230803
980,603527.SH,-0.007241,20230803
981,603533.SH,-0.023524,20230803
982,603535.SH,0.000581,20230803
983,603556.SH,-0.025223,20230803
984,603588.SH,0.001005,20230803
985,603609.SH,0.009464,20230803
986,603800.SH,-0.051982999999999994,20230803
987,603766.SH,-0.023723,20230803
988,688516.SH,0.049994,20230803
989,688519.SH,-0.035916000000000003,20230803
990,688526.SH,-0.000443,20230803
991,688575.SH,0.00484,20230803
992,688578.SH,-0.083429,20230803
993,688368.SH,-0.008548,20230803
994,688377.SH,-0.013015,20230803
995,688383.SH,-0.023174,20230803
996,688389.SH,-0.004505,20230803
997,688617.SH,0.017993,20230803
998,688660.SH,0.0,20230803
999,688665.SH,-0.028229,20230803
1000,688018.SH,0.010707,20230803
1001,605507.SH,0.009592,20230803
1002,688002.SH,0.018888000000000002,20230803
1003,688198.SH,0.002704,20230803
1004,688239.SH,-0.016536,20230803
1005,688269.SH,-0.000786,20230803
1006,688166.SH,-0.0015279999999999998,20230803
1007,601611.SH,0.002448,20230803
1008,601619.SH,0.009238,20230803
1009,601686.SH,0.013263,20230803
1010,601609.SH,-0.013177000000000001,20230803
1011,601512.SH,0.008902,20230803
1012,601717.SH,-0.0016420000000000002,20230803
1013,601886.SH,0.00863,20230803
1014,601918.SH,-0.0023150000000000002,20230803
1015,601811.SH,-0.008677,20230803
1016,601827.SH,-0.005208000000000001,20230803
1017,601038.SH,-0.001714,20230803
1018,601107.SH,0.00464,20230803
1019,600986.SH,-0.008389,20230803
1020,600987.SH,-0.015982,20230803
1021,600993.SH,0.014181999999999998,20230803
1022,600997.SH,0.0015459999999999998,20230803
1023,601226.SH,-0.005674,20230803
1024,601330.SH,-0.005235999999999999,20230803
1025,601137.SH,-0.019104,20230803
1026,601139.SH,-0.006793,20230803
1027,601200.SH,-0.002988,20230803
1028,601208.SH,0.010417000000000001,20230803
1029,601963.SH,0.009756,20230803
1030,603283.SH,0.01485,20230803
1031,603297.SH,-0.010362,20230803
1032,603299.SH,-0.0020080000000000002,20230803
1033,603303.SH,-0.030935,20230803
1034,603313.SH,0.003515,20230803
1035,603277.SH,-0.014578,20230803
1036,603217.SH,-0.003777,20230803
1037,603225.SH,0.002506,20230803
1038,603239.SH,-0.022788,20230803
1039,603390.SH,-0.01836,20230803
1040,603500.SH,-0.022835,20230803
1041,603386.SH,-0.012646999999999999,20230803
1042,603337.SH,-0.029301,20230803
1043,603353.SH,-0.003984,20230803
1044,603358.SH,-0.001142,20230803
1045,603368.SH,-0.000482,20230803
1046,603020.SH,0.003158,20230803
1047,603028.SH,-0.0075439999999999995,20230803
1048,603013.SH,-0.018146,20230803
1049,603012.SH,-0.014634000000000001,20230803
1050,603010.SH,-0.003527,20230803
1051,601991.SH,0.0,20230803
1052,603071.SH,0.0,20230803
1053,603166.SH,-0.005857,20230803
1054,603181.SH,-0.005254,20230803
1055,603100.SH,-0.025640999999999997,20230803
1056,603197.SH,-0.007086,20230803
1057,002237.SZ,-0.003387,20230803
1058,002239.SZ,-0.014134,20230803
1059,002203.SZ,-0.008097,20230803
1060,002215.SZ,-0.00436,20230803
1061,002249.SZ,-0.003509,20230803
1062,002293.SZ,-0.004509,20230803
1063,002294.SZ,0.019974000000000002,20230803
1064,002258.SZ,0.0035139999999999998,20230803
1065,002262.SZ,0.052361000000000005,20230803
1066,002266.SZ,-0.002331,20230803
1067,002273.SZ,-0.010536,20230803
1068,002183.SZ,0.0,20230803
1069,002087.SZ,0.009389999999999999,20230803
1070,002097.SZ,-0.018868,20230803
1071,002106.SZ,-0.009081,20230803
1072,002111.SZ,-0.00641,20230803
1073,002060.SZ,-0.006154,20230803
1074,002067.SZ,-0.00551,20230803
1075,002081.SZ,0.002033,20230803
1076,002160.SZ,-0.011493999999999999,20230803
1077,002161.SZ,-0.00367,20230803
1078,002170.SZ,-0.009646,20230803
1079,002171.SZ,-0.005319000000000001,20230803
1080,002126.SZ,-0.001178,20230803
1081,002130.SZ,-0.021307,20230803
1082,002149.SZ,-0.021587000000000002,20230803
1083,002483.SZ,-0.012456,20230803
1084,002440.SZ,-0.002817,20230803
1085,002442.SZ,-0.005758,20230803
1086,002449.SZ,-0.0022400000000000002,20230803
1087,002453.SZ,0.004344,20230803
1088,002540.SZ,-0.013378000000000001,20230803
1089,002556.SZ,-0.0012989999999999998,20230803
1090,002324.SZ,0.033784,20230803
1091,002416.SZ,-0.0038169999999999996,20230803
1092,002429.SZ,-0.003676,20230803
1093,002382.SZ,0.009722,20230803
1094,002387.SZ,0.0037219999999999996,20230803
1095,002391.SZ,-0.0013969999999999998,20230803
1096,002392.SZ,-0.0025380000000000003,20230803
1097,002393.SZ,0.014403,20230803
1098,002054.SZ,0.004286,20230803
1099,002053.SZ,0.008673,20230803
1100,000601.SZ,0.006494,20230803
1101,000582.SZ,-0.008485,20230803
1102,000630.SZ,-0.006116,20230803
1103,000541.SZ,-0.005254,20230803
1104,000551.SZ,-0.015549,20230803
1105,000559.SZ,-0.007105,20230803
1106,000709.SZ,-0.004065,20230803
1107,000727.SZ,-0.020747,20230803
1108,000680.SZ,-0.007449,20230803
1109,000061.SZ,-0.0013850000000000002,20230803
1110,000078.SZ,0.015625,20230803
1111,000089.SZ,0.002736,20230803
1112,000039.SZ,0.014764999999999999,20230803
1113,000030.SZ,-0.012613000000000001,20230803
1114,000498.SZ,0.0072050000000000005,20230803
1115,000521.SZ,0.004573,20230803
1116,000528.SZ,-0.0012360000000000001,20230803
1117,000426.SZ,-0.02181,20230803
1118,000969.SZ,-0.042857000000000006,20230803
1119,000973.SZ,-0.008457,20230803
1120,000987.SZ,0.024096000000000003,20230803
1121,000931.SZ,0.0032790000000000002,20230803
1122,002041.SZ,0.00183,20230803
1123,001696.SZ,-0.020776,20230803
1124,002010.SZ,0.0,20230803
1125,002020.SZ,0.011334,20230803
1126,000800.SZ,-0.001083,20230803
1127,000801.SZ,-0.010145,20230803
1128,000823.SZ,-0.0031509999999999997,20230803
1129,000829.SZ,0.0066890000000000005,20230803
1130,000766.SZ,0.066176,20230803
1131,000901.SZ,-0.005848,20230803
1132,000906.SZ,0.005618,20230803
1133,000917.SZ,-0.001555,20230803
1134,000921.SZ,0.00207,20230803
1135,000852.SZ,0.003942,20230803
1136,000875.SZ,0.0,20230803
1137,000881.SZ,0.0024360000000000002,20230803
1138,000885.SZ,-0.006149,20230803
1139,300345.SZ,-0.010516000000000001,20230803
1140,300349.SZ,-0.015862,20230803
1141,300358.SZ,0.03252,20230803
1142,300319.SZ,-0.00814,20230803
1143,300294.SZ,0.00865,20230803
1144,300206.SZ,0.014774,20230803
1145,300219.SZ,-0.009358,20230803
1146,300183.SZ,-0.009109,20230803
1147,300279.SZ,0.02109,20230803
1148,300289.SZ,0.010345,20230803
1149,300241.SZ,-0.003914,20230803
1150,300239.SZ,0.026941000000000003,20230803
1151,300636.SZ,0.014147,20230803
1152,300577.SZ,-0.003623,20230803
1153,300683.SZ,0.032395,20230803
1154,300705.SZ,0.0037280000000000004,20230803
1155,300470.SZ,-0.015345,20230803
1156,300488.SZ,-0.003556,20230803
1157,300441.SZ,-0.031301,20230803
1158,300536.SZ,-0.010818000000000001,20230803
1159,300543.SZ,-0.011506,20230803
1160,002768.SZ,-0.004047,20230803
1161,002724.SZ,-0.071849,20230803
1162,002745.SZ,0.007495000000000001,20230803
1163,002752.SZ,0.002041,20230803
1164,002815.SZ,-0.005809,20230803
1165,002869.SZ,-0.017925,20230803
1166,002859.SZ,-0.021472,20230803
1167,002611.SZ,-0.012774,20230803
1168,002627.SZ,-0.003565,20230803
1169,002573.SZ,0.001754,20230803
1170,002588.SZ,-0.023077,20230803
1171,002676.SZ,-0.009346,20230803
1172,002688.SZ,0.004115,20230803
1173,002664.SZ,-0.0063690000000000005,20230803
1174,002635.SZ,-0.007954,20230803
1175,002637.SZ,-0.008115,20230803
1176,002653.SZ,0.0050739999999999995,20230803
1177,002661.SZ,0.015799,20230803
1178,300082.SZ,0.00125,20230803
1179,300040.SZ,0.0,20230803
1180,300138.SZ,-0.016637,20230803
1181,300121.SZ,-0.001042,20230803
1182,300119.SZ,0.005348,20230803
1183,002930.SZ,-0.011862999999999999,20230803
1184,002937.SZ,-0.016813,20230803
1185,002911.SZ,-0.007496,20230803
1186,002988.SZ,-0.001613,20230803
1187,002996.SZ,-0.01278,20230803
1188,600525.SH,0.005671000000000001,20230804
1189,600528.SH,0.0,20230804
1190,600496.SH,0.0,20230804
1191,600498.SH,0.038807999999999995,20230804
1192,600502.SH,0.005282,20230804
1193,600508.SH,-0.005575,20230804
1194,600511.SH,-0.022585,20230804
1195,600597.SH,-0.008065,20230804
1196,600612.SH,-0.002778,20230804
1197,600619.SH,-0.00625,20230804
1198,600590.SH,0.005857,20230804
1199,600577.SH,0.036957,20230804
1200,600578.SH,-0.0053620000000000004,20230804
1201,600582.SH,-0.001751,20230804
1202,600583.SH,-0.008039,20230804
1203,600587.SH,-0.013857999999999999,20230804
1204,600480.SH,-0.018947000000000002,20230804
1205,600362.SH,0.0,20230804
1206,600336.SH,-0.010204,20230804
1207,600312.SH,0.029411999999999997,20230804
1208,600428.SH,-0.0062309999999999996,20230804
1209,600458.SH,0.003575,20230804
1210,600459.SH,0.003868,20230804
1211,600420.SH,-0.0047799999999999995,20230804
1212,600396.SH,0.0039369999999999995,20230804
1213,600861.SH,-0.005605,20230804
1214,600866.SH,-0.0034899999999999996,20230804
1215,600871.SH,0.0,20230804
1216,600805.SH,-0.006303,20230804
1217,600820.SH,-0.0063490000000000005,20230804
1218,600961.SH,-0.0033,20230804
1219,600966.SH,-0.016295999999999998,20230804
1220,600968.SH,-0.016076999999999998,20230804
1221,600973.SH,0.0019420000000000001,20230804
1222,600976.SH,-0.0051849999999999995,20230804
1223,600929.SH,0.002591,20230804
1224,600933.SH,0.013164,20230804
1225,600685.SH,-0.008839,20230804
1226,600699.SH,0.062903,20230804
1227,600707.SH,0.004622,20230804
1228,600710.SH,-0.004957,20230804
1229,600626.SH,-0.005235999999999999,20230804
1230,600635.SH,-0.002817,20230804
1231,600662.SH,-0.001618,20230804
1232,600780.SH,-0.002066,20230804
1233,600789.SH,0.0,20230804
1234,600792.SH,-0.019284,20230804
1235,600727.SH,-0.009756,20230804
1236,600729.SH,-0.025612,20230804
1237,600731.SH,0.0,20230804
1238,600737.SH,0.0,20230804
1239,300909.SZ,0.001242,20230804
1240,300951.SZ,-0.002438,20230804
1241,300902.SZ,-0.0053100000000000005,20230804
1242,300900.SZ,0.003021,20230804
1243,300976.SZ,0.0031130000000000003,20230804
1244,301090.SZ,-0.0009239999999999999,20230804
1245,301015.SZ,0.020445,20230804
1246,301017.SZ,-0.038596,20230804
1247,300752.SZ,0.000615,20230804
1248,300739.SZ,0.009413,20230804
1249,300832.SZ,-0.010554,20230804
1250,300833.SZ,-0.006063,20230804
1251,600170.SH,0.0033900000000000002,20230804
1252,600180.SH,0.006421,20230804
1253,600169.SH,-0.007722,20230804
1254,600168.SH,-0.006192,20230804
1255,600166.SH,-0.005464,20230804
1256,600143.SH,0.0,20230804
1257,600269.SH,-0.010204,20230804
1258,600278.SH,0.012853000000000002,20230804
1259,600285.SH,-0.003322,20230804
1260,600292.SH,-0.004941999999999999,20230804
1261,600210.SH,0.0,20230804
1262,600218.SH,-0.006652,20230804
1263,600052.SH,-0.011788,20230804
1264,600098.SH,-0.0047020000000000005,20230804
1265,600060.SH,0.00046,20230804
1266,600073.SH,-0.008805,20230804
1267,600079.SH,-0.023628999999999997,20230804
1268,603968.SH,-0.004525,20230804
1269,603977.SH,-0.00443,20230804
1270,603901.SH,-0.010267,20230804
1271,605183.SH,0.001162,20230804
1272,605116.SH,-0.022523,20230804
1273,603987.SH,0.005602,20230804
1274,605008.SH,0.028226,20230804
1275,603859.SH,0.002797,20230804
1276,603611.SH,0.029206,20230804
1277,603527.SH,-0.0008100000000000001,20230804
1278,603533.SH,0.023215,20230804
1279,603535.SH,-0.016831,20230804
1280,603556.SH,-0.001194,20230804
1281,603588.SH,-0.01004,20230804
1282,603609.SH,-0.003125,20230804
1283,603800.SH,-0.002853,20230804
1284,603766.SH,-0.005607,20230804
1285,688516.SH,-0.008121,20230804
1286,688519.SH,0.053997,20230804
1287,688526.SH,-0.014641,20230804
1288,688575.SH,-0.015051000000000002,20230804
1289,688578.SH,-0.045719,20230804
1290,688368.SH,0.006662,20230804
1291,688377.SH,0.010256000000000001,20230804
1292,688383.SH,-0.028421,20230804
1293,688389.SH,-0.009553,20230804
1294,688617.SH,-0.020721,20230804
1295,688660.SH,0.0,20230804
1296,688665.SH,0.053948,20230804
1297,688018.SH,-0.026232000000000002,20230804
1298,605507.SH,-0.0019,20230804
1299,688002.SH,0.043255999999999996,20230804
1300,688198.SH,0.008511999999999999,20230804
1301,688239.SH,0.010619,20230804
1302,688269.SH,-0.006293999999999999,20230804
1303,688166.SH,-0.004592,20230804
1304,601619.SH,0.004577,20230804
1305,601686.SH,-0.010471,20230804
1306,601611.SH,-0.001221,20230804
1307,601609.SH,0.002967,20230804
1308,601512.SH,-0.010784,20230804
1309,601886.SH,0.0,20230804
1310,601918.SH,0.00232,20230804
1311,601717.SH,-0.001645,20230804
1312,601811.SH,0.021152,20230804
1313,601827.SH,-0.014398,20230804
1314,601038.SH,-0.006009,20230804
1315,601107.SH,-0.016166,20230804
1316,600986.SH,0.030457,20230804
1317,600987.SH,-0.010441,20230804
1318,600993.SH,0.009588,20230804
1319,600997.SH,-0.0030859999999999998,20230804
1320,601226.SH,0.0,20230804
1321,601330.SH,-0.006579000000000001,20230804
1322,601137.SH,0.001343,20230804
1323,601139.SH,-0.002736,20230804
1324,601200.SH,-0.004995,20230804
1325,601208.SH,-0.011046,20230804
1326,601963.SH,0.007246,20230804
1327,603297.SH,0.007294,20230804
1328,603299.SH,-0.0030180000000000003,20230804
1329,603303.SH,-0.001485,20230804
1330,603313.SH,-0.019264,20230804
1331,603283.SH,-0.012424,20230804
1332,603217.SH,-0.008003,20230804
1333,603225.SH,0.016667,20230804
1334,603239.SH,-0.000686,20230804
1335,603277.SH,0.007996999999999999,20230804
1336,603500.SH,0.005641,20230804
1337,603390.SH,0.016209,20230804
1338,603386.SH,0.002745,20230804
1339,603337.SH,-0.015579,20230804
1340,603353.SH,-0.0045000000000000005,20230804
1341,603368.SH,-0.004339,20230804
1342,603358.SH,0.006861000000000001,20230804
1343,603197.SH,0.023673000000000003,20230804
1344,603020.SH,-0.006296,20230804
1345,603028.SH,-0.003378,20230804
1346,603013.SH,-0.013201000000000001,20230804
1347,601991.SH,-0.009494,20230804
1348,603010.SH,0.0026550000000000002,20230804
1349,603012.SH,-0.008251,20230804
1350,603071.SH,-0.022498999999999998,20230804
1351,603166.SH,-0.008837000000000001,20230804
1352,603181.SH,-0.010563,20230804
1353,603100.SH,-0.009153,20230804
1354,002237.SZ,0.009346,20230804
1355,002239.SZ,-0.003584,20230804
1356,002203.SZ,-0.011429,20230804
1357,002215.SZ,-0.00146,20230804
1358,002293.SZ,-0.009963999999999999,20230804
1359,002294.SZ,-0.047832999999999994,20230804
1360,002249.SZ,0.008803,20230804
1361,002258.SZ,-0.002101,20230804
1362,002262.SZ,-0.0073409999999999994,20230804
1363,002266.SZ,-0.002336,20230804
1364,002273.SZ,0.013309999999999999,20230804
1365,002183.SZ,-0.0018659999999999998,20230804
1366,002097.SZ,-0.005917,20230804
1367,002106.SZ,0.008017999999999999,20230804
1368,002111.SZ,0.005376,20230804
1369,002087.SZ,-0.013953,20230804
1370,002060.SZ,0.0,20230804
1371,002067.SZ,-0.011080000000000001,20230804
1372,002081.SZ,0.0,20230804
1373,002160.SZ,-0.009302,20230804
1374,002161.SZ,0.016575,20230804
1375,002170.SZ,-0.003247,20230804
1376,002171.SZ,-0.006684,20230804
1377,002126.SZ,0.034788,20230804
1378,002130.SZ,0.014514,20230804
1379,002149.SZ,-0.009085,20230804
1380,002483.SZ,-0.003604,20230804
1381,002442.SZ,-0.009653,20230804
1382,002449.SZ,0.012346,20230804
1383,002453.SZ,0.028547,20230804
1384,002440.SZ,-0.004237,20230804
1385,002540.SZ,-0.0033900000000000002,20230804
1386,002556.SZ,0.005202,20230804
1387,002324.SZ,-0.000726,20230804
1388,002416.SZ,0.0,20230804
1389,002429.SZ,0.023985,20230804
1390,002382.SZ,-0.0041270000000000005,20230804
1391,002387.SZ,0.011125000000000001,20230804
1392,002392.SZ,-0.015267,20230804
1393,002393.SZ,-0.023124,20230804
1394,002391.SZ,-0.008392,20230804
1395,002054.SZ,-0.004267,20230804
1396,000601.SZ,-0.017204,20230804
1397,000630.SZ,0.006154,20230804
1398,000551.SZ,0.011846,20230804
1399,000559.SZ,-0.008945,20230804
1400,000582.SZ,-0.007335,20230804
1401,000727.SZ,0.0,20230804
1402,000709.SZ,-0.008163,20230804
1403,000680.SZ,-0.0018759999999999998,20230804
1404,000541.SZ,-0.001761,20230804
1405,000061.SZ,-0.019417,20230804
1406,000078.SZ,-0.006154,20230804
1407,000089.SZ,-0.005457,20230804
1408,000030.SZ,-0.00365,20230804
1409,000039.SZ,-0.001323,20230804
1410,000521.SZ,0.003035,20230804
1411,000528.SZ,-0.019802,20230804
1412,000498.SZ,-0.0028610000000000003,20230804
1413,000426.SZ,-0.026756000000000002,20230804
1414,000973.SZ,-0.006397000000000001,20230804
1415,000987.SZ,0.019608,20230804
1416,000969.SZ,0.041578,20230804
1417,000931.SZ,0.0032679999999999996,20230804
1418,002041.SZ,-0.008526,20230804
1419,002053.SZ,0.0,20230804
1420,001696.SZ,-0.001414,20230804
1421,002010.SZ,-0.0053100000000000005,20230804
1422,002020.SZ,-0.007759,20230804
1423,000800.SZ,0.0032540000000000004,20230804
1424,000801.SZ,0.007320999999999999,20230804
1425,000823.SZ,0.0031609999999999997,20230804
1426,000829.SZ,0.008859,20230804
1427,000766.SZ,-0.025862,20230804
1428,000901.SZ,0.006863,20230804
1429,000906.SZ,0.0,20230804
1430,000917.SZ,0.023364,20230804
1431,000921.SZ,-0.021074000000000002,20230804
1432,000852.SZ,0.0,20230804
1433,000875.SZ,-0.00369,20230804
1434,000881.SZ,-0.0060750000000000005,20230804
1435,000885.SZ,-0.003094,20230804
1436,300345.SZ,-0.004830999999999999,20230804
1437,300349.SZ,0.013918999999999999,20230804
1438,300358.SZ,-0.015747999999999998,20230804
1439,300319.SZ,0.011722999999999999,20230804
1440,300294.SZ,-0.0049,20230804
1441,300206.SZ,-0.014558999999999999,20230804
1442,300219.SZ,0.029689999999999998,20230804
1443,300183.SZ,0.023638,20230804
1444,300279.SZ,-0.003442,20230804
1445,300289.SZ,-0.003413,20230804
1446,300239.SZ,-0.010802,20230804
1447,300241.SZ,0.009823,20230804
1448,300636.SZ,-0.014820999999999999,20230804
1449,300577.SZ,-0.01697,20230804
1450,300683.SZ,-0.02392,20230804
1451,300705.SZ,-0.005571,20230804
1452,300470.SZ,0.014876,20230804
1453,300488.SZ,0.0,20230804
1454,300441.SZ,0.006803,20230804
1455,300543.SZ,0.0010580000000000001,20230804
1456,300536.SZ,-0.002051,20230804
1457,002768.SZ,0.006908,20230804
1458,002724.SZ,-0.008883,20230804
1459,002745.SZ,0.002125,20230804
1460,002752.SZ,-0.00611,20230804
1461,002869.SZ,0.003319,20230804
1462,002815.SZ,0.006678,20230804
1463,002859.SZ,-0.002438,20230804
1464,002611.SZ,0.012939,20230804
1465,002627.SZ,-0.014311,20230804
1466,002573.SZ,-0.008757000000000001,20230804
1467,002588.SZ,-0.025196999999999997,20230804
1468,002676.SZ,-0.018868,20230804
1469,002688.SZ,-0.010246,20230804
1470,002664.SZ,0.002137,20230804
1471,002635.SZ,0.004373,20230804
1472,002637.SZ,-0.002727,20230804
1473,002653.SZ,-0.022487,20230804
1474,002661.SZ,-0.009149000000000001,20230804
1475,300082.SZ,-0.008739,20230804
1476,300040.SZ,0.0016289999999999998,20230804
1477,300138.SZ,-0.049547,20230804
1478,300121.SZ,-0.001043,20230804
1479,300119.SZ,-0.007979,20230804
1480,002930.SZ,-0.012450000000000001,20230804
1481,002937.SZ,0.013028999999999999,20230804
1482,002911.SZ,-0.006042,20230804
1483,002988.SZ,-0.001616,20230804
1484,002996.SZ,-0.008091000000000001,20230804
1485,600525.SH,-0.00188,20230807
1486,600528.SH,-0.038873000000000005,20230807
1487,600496.SH,-0.015152,20230807
1488,600498.SH,-0.008121,20230807
1489,600502.SH,-0.024517999999999998,20230807
1490,600508.SH,-0.009811,20230807
1491,600511.SH,-0.031317,20230807
1492,600597.SH,-0.00813,20230807
1493,600612.SH,0.006227,20230807
1494,600619.SH,-0.014151,20230807
1495,600590.SH,-0.008733999999999999,20230807
1496,600577.SH,0.044025,20230807
1497,600578.SH,-0.005391,20230807
1498,600582.SH,0.0,20230807
1499,600583.SH,-0.003241,20230807
1500,600587.SH,-0.015192,20230807
1501,600480.SH,0.011803,20230807
1502,600362.SH,0.000999,20230807
1503,600336.SH,-0.006873000000000001,20230807
1504,600312.SH,0.0,20230807
1505,600428.SH,-0.012539,20230807
1506,600458.SH,0.0,20230807
1507,600459.SH,0.0038540000000000002,20230807
1508,600420.SH,-0.020173,20230807
1509,600396.SH,0.003922,20230807
1510,600861.SH,-0.01879,20230807
1511,600866.SH,-0.017513,20230807
1512,600871.SH,0.0,20230807
1513,600805.SH,-0.012685,20230807
1514,600820.SH,0.0,20230807
1515,600961.SH,0.0,20230807
1516,600966.SH,-0.00753,20230807
1517,600968.SH,-0.006535999999999999,20230807
1518,600973.SH,0.038759999999999996,20230807
1519,600976.SH,-0.051675000000000006,20230807
1520,600933.SH,-0.000866,20230807
1521,600929.SH,-0.009044,20230807
1522,600685.SH,0.0034899999999999996,20230807
1523,600699.SH,-0.008599,20230807
1524,600707.SH,-0.003067,20230807
1525,600710.SH,-0.001245,20230807
1526,600626.SH,-0.010526,20230807
1527,600635.SH,-0.011298999999999998,20230807
1528,600662.SH,-0.003241,20230807
1529,600780.SH,0.004141000000000001,20230807
1530,600789.SH,-0.020863999999999997,20230807
1531,600792.SH,-0.008427,20230807
1532,600727.SH,-0.004926,20230807
1533,600729.SH,-0.009243,20230807
1534,600731.SH,-0.016971,20230807
1535,600737.SH,0.009804,20230807
1536,300909.SZ,-0.0070279999999999995,20230807
1537,300951.SZ,0.002647,20230807
1538,300900.SZ,0.0,20230807
1539,300902.SZ,0.004448,20230807
1540,301090.SZ,-0.00185,20230807
1541,300976.SZ,-0.0064139999999999996,20230807
1542,301015.SZ,-0.017809,20230807
1543,301017.SZ,-0.01877,20230807
1544,300752.SZ,-0.00615,20230807
1545,300739.SZ,0.0050219999999999996,20230807
1546,300832.SZ,-0.017422,20230807
1547,300833.SZ,-0.001109,20230807
1548,600180.SH,-0.020734,20230807
1549,600170.SH,-0.010135,20230807
1550,600169.SH,-0.007782,20230807
1551,600143.SH,-0.015453,20230807
1552,600166.SH,0.005495,20230807
1553,600168.SH,-0.003115,20230807
1554,600269.SH,-0.007732,20230807
1555,600278.SH,-0.024112,20230807
1556,600285.SH,-0.022667000000000003,20230807
1557,600292.SH,-0.009934,20230807
1558,600210.SH,-0.009381,20230807
1559,600218.SH,-0.007813,20230807
1560,600052.SH,-0.011928000000000001,20230807
1561,600098.SH,-0.004724,20230807
1562,600060.SH,0.017487,20230807
1563,600073.SH,-0.0012690000000000002,20230807
1564,600079.SH,-0.009589,20230807
1565,603968.SH,-0.00625,20230807
1566,603977.SH,-0.014461,20230807
1567,603901.SH,-0.0013830000000000001,20230807
1568,605183.SH,-0.019733,20230807
1569,603987.SH,-0.0018570000000000001,20230807
1570,605008.SH,0.017647,20230807
1571,605116.SH,-0.02212,20230807
1572,603533.SH,0.02911,20230807
1573,603535.SH,-0.007084,20230807
1574,603556.SH,0.004783,20230807
1575,603588.SH,0.006085,20230807
1576,603609.SH,0.008359,20230807
1577,603611.SH,0.017186,20230807
1578,603800.SH,-0.004768,20230807
1579,603859.SH,-0.022775,20230807
1580,603766.SH,0.0,20230807
1581,688516.SH,-0.006337000000000001,20230807
1582,688519.SH,0.012707999999999999,20230807
1583,688526.SH,-0.028366,20230807
1584,688575.SH,-0.023227,20230807
1585,688578.SH,-0.013937,20230807
1586,688368.SH,-0.015416000000000001,20230807
1587,688377.SH,-0.016316,20230807
1588,688383.SH,-0.00549,20230807
1589,688389.SH,-0.033503,20230807
1590,688617.SH,0.000277,20230807
1591,688660.SH,-0.005254,20230807
1592,688665.SH,0.0044009999999999995,20230807
1593,688018.SH,-0.004749,20230807
1594,605507.SH,-0.008567,20230807
1595,688002.SH,0.0008169999999999999,20230807
1596,688239.SH,-0.019615,20230807
1597,688269.SH,-0.017894,20230807
1598,688198.SH,-0.057157,20230807
1599,688166.SH,-0.009739,20230807
1600,603527.SH,0.0016220000000000002,20230807
1601,601619.SH,0.002278,20230807
1602,601686.SH,-0.009259,20230807
1603,601611.SH,-0.002445,20230807
1604,601512.SH,-0.021804,20230807
1605,601609.SH,-0.005917,20230807
1606,601717.SH,-0.001647,20230807
1607,601886.SH,-0.040642,20230807
1608,601918.SH,-0.0069440000000000005,20230807
1609,601811.SH,0.015714,20230807
1610,601827.SH,-0.011952,20230807
1611,601038.SH,-0.005181,20230807
1612,601107.SH,-0.002347,20230807
1613,600986.SH,0.006568000000000001,20230807
1614,600987.SH,-0.018757,20230807
1615,600993.SH,-0.005936,20230807
1616,600997.SH,-0.009288,20230807
1617,601330.SH,-0.003974,20230807
1618,601226.SH,-0.012839,20230807
1619,601137.SH,-0.0060360000000000006,20230807
1620,601139.SH,0.012346,20230807
1621,601963.SH,-0.019185,20230807
1622,601200.SH,-0.0070279999999999995,20230807
1623,601208.SH,-0.00968,20230807
1624,603297.SH,0.006774,20230807
1625,603299.SH,-0.013118000000000001,20230807
1626,603303.SH,-0.023048000000000003,20230807
1627,603313.SH,-0.007143,20230807
1628,603283.SH,0.100084,20230807
1629,603277.SH,-0.012297,20230807
1630,603217.SH,0.002123,20230807
1631,603225.SH,-0.004098,20230807
1632,603239.SH,-0.006177,20230807
1633,603500.SH,0.002404,20230807
1634,603390.SH,0.006135000000000001,20230807
1635,603386.SH,-0.000912,20230807
1636,603337.SH,0.011869000000000001,20230807
1637,603353.SH,-0.002009,20230807
1638,603358.SH,-0.012493,20230807
1639,603368.SH,-0.024213,20230807
1640,603020.SH,-0.008448,20230807
1641,603028.SH,-0.004237,20230807
1642,603012.SH,-0.014975,20230807
1643,601991.SH,-0.009585,20230807
1644,603010.SH,-0.007944,20230807
1645,603013.SH,0.01204,20230807
1646,603071.SH,-0.011508000000000001,20230807
1647,603166.SH,0.0014860000000000001,20230807
1648,603181.SH,-0.010676000000000001,20230807
1649,603197.SH,0.009862,20230807
1650,603100.SH,-0.0040420000000000005,20230807
1651,002237.SZ,0.010101,20230807
1652,002239.SZ,-0.007194000000000001,20230807
1653,002203.SZ,0.008258,20230807
1654,002215.SZ,0.00731,20230807
1655,002293.SZ,-0.004575,20230807
1656,002294.SZ,-0.069454,20230807
1657,002249.SZ,0.0017449999999999998,20230807
1658,002258.SZ,-0.015439000000000001,20230807
1659,002262.SZ,-0.011092999999999999,20230807
1660,002266.SZ,-0.002342,20230807
1661,002273.SZ,0.003503,20230807
1662,002183.SZ,-0.013084,20230807
1663,002097.SZ,-0.011904999999999999,20230807
1664,002106.SZ,-0.007955,20230807
1665,002111.SZ,-0.014973,20230807
1666,002087.SZ,-0.004717,20230807
1667,002060.SZ,-0.010835999999999998,20230807
1668,002067.SZ,-0.008403,20230807
1669,002081.SZ,-0.022312,20230807
1670,002160.SZ,0.0,20230807
1671,002161.SZ,-0.003623,20230807
1672,002170.SZ,0.0016289999999999998,20230807
1673,002171.SZ,0.004038,20230807
1674,002126.SZ,0.024501,20230807
1675,002130.SZ,0.004292000000000001,20230807
1676,002149.SZ,0.023576,20230807
1677,002483.SZ,-0.001808,20230807
1678,002442.SZ,-0.009747,20230807
1679,002449.SZ,-0.0077610000000000005,20230807
1680,002453.SZ,-0.005046,20230807
1681,002440.SZ,-0.005674,20230807
1682,002540.SZ,-0.001701,20230807
1683,002556.SZ,0.002587,20230807
1684,002324.SZ,-0.019622,20230807
1685,002416.SZ,-0.012771,20230807
1686,002429.SZ,0.005405,20230807
1687,002382.SZ,-0.019337,20230807
1688,002387.SZ,-0.002445,20230807
1689,002392.SZ,-0.015504,20230807
1690,002393.SZ,-0.040698,20230807
1691,002391.SZ,-0.002821,20230807
1692,002054.SZ,-0.015714,20230807
1693,002053.SZ,-0.009458,20230807
1694,000601.SZ,0.004376,20230807
1695,000630.SZ,-0.003058,20230807
1696,000582.SZ,-0.012315,20230807
1697,000551.SZ,-0.016585000000000003,20230807
1698,000559.SZ,-0.005415,20230807
1699,000541.SZ,-0.0052910000000000006,20230807
1700,000727.SZ,-0.008475,20230807
1701,000709.SZ,-0.00823,20230807
1702,000680.SZ,0.020676999999999997,20230807
1703,000061.SZ,0.002829,20230807
1704,000078.SZ,-0.012384,20230807
1705,000089.SZ,-0.001372,20230807
1706,000039.SZ,-0.010596000000000001,20230807
1707,000030.SZ,0.003663,20230807
1708,000498.SZ,-0.008608,20230807
1709,000521.SZ,0.0030259999999999996,20230807
1710,000528.SZ,-0.007576,20230807
1711,000426.SZ,0.010308999999999999,20230807
1712,000973.SZ,-0.006438,20230807
1713,000987.SZ,-0.011538,20230807
1714,000969.SZ,0.009212,20230807
1715,000931.SZ,-0.014658,20230807
1716,002041.SZ,0.02027,20230807
1717,001696.SZ,-0.005666,20230807
1718,002010.SZ,-0.012456,20230807
1719,002020.SZ,-0.041703000000000004,20230807
1720,000800.SZ,-0.003243,20230807
1721,000801.SZ,-0.0029070000000000003,20230807
1722,000823.SZ,-0.009454,20230807
1723,000829.SZ,-0.004391,20230807
1724,000766.SZ,0.0070799999999999995,20230807
1725,000901.SZ,-0.013632,20230807
1726,000906.SZ,-0.001117,20230807
1727,000917.SZ,0.001522,20230807
1728,000921.SZ,-0.005064999999999999,20230807
1729,000852.SZ,0.003927,20230807
1730,000881.SZ,-0.018337000000000003,20230807
1731,000885.SZ,-0.019395,20230807
1732,000875.SZ,-0.005556,20230807
1733,300345.SZ,0.004854,20230807
1734,300349.SZ,-0.008671,20230807
1735,300358.SZ,-0.013817999999999999,20230807
1736,300319.SZ,-0.0057940000000000005,20230807
1737,300294.SZ,-0.034780000000000005,20230807
1738,300206.SZ,-0.015552,20230807
1739,300219.SZ,-0.02228,20230807
1740,300183.SZ,0.0006410000000000001,20230807
1741,300279.SZ,-0.005181,20230807
1742,300289.SZ,-0.018836,20230807
1743,300239.SZ,-0.024961,20230807
1744,300241.SZ,-0.009728,20230807
1745,300636.SZ,-0.024779,20230807
1746,300577.SZ,-0.01418,20230807
1747,300683.SZ,-0.025033,20230807
1748,300705.SZ,-0.010270999999999999,20230807
1749,300470.SZ,0.004188,20230807
1750,300488.SZ,-0.015611,20230807
1751,300441.SZ,-0.018581,20230807
1752,300536.SZ,0.020548,20230807
1753,300543.SZ,-0.002114,20230807
1754,002768.SZ,-0.032284,20230807
1755,002724.SZ,0.008963,20230807
1756,002745.SZ,-0.003181,20230807
1757,002752.SZ,-0.006148,20230807
1758,002815.SZ,-0.006633,20230807
1759,002869.SZ,-0.003859,20230807
1760,002859.SZ,-0.00838,20230807
1761,002611.SZ,0.016423,20230807
1762,002627.SZ,-0.00363,20230807
1763,002573.SZ,-0.007067,20230807
1764,002588.SZ,-0.001616,20230807
1765,002676.SZ,0.002404,20230807
1766,002688.SZ,-0.010351999999999998,20230807
1767,002664.SZ,0.004264,20230807
1768,002635.SZ,0.005806,20230807
1769,002637.SZ,-0.008204,20230807
1770,002653.SZ,-0.056338,20230807
1771,002661.SZ,0.0018470000000000001,20230807
1772,002911.SZ,0.0037990000000000003,20230807
1773,300082.SZ,-0.011335,20230807
1774,300040.SZ,-0.01626,20230807
1775,300138.SZ,-0.001271,20230807
1776,300119.SZ,-0.018767,20230807
1777,300121.SZ,-0.015658000000000002,20230807
1778,002930.SZ,-0.0058530000000000006,20230807
1779,002937.SZ,-0.003215,20230807
1780,002988.SZ,-0.019957,20230807
1781,002996.SZ,0.0008160000000000001,20230807
1782,600528.SH,0.001011,20230808
1783,600525.SH,-0.016949000000000002,20230808
1784,600511.SH,0.015694,20230808
1785,600496.SH,-0.007692,20230808
1786,600498.SH,-0.018559000000000003,20230808
1787,600502.SH,-0.007181,20230808
1788,600508.SH,0.003539,20230808
1789,600597.SH,0.009106999999999999,20230808
1790,600612.SH,0.024592999999999997,20230808
1791,600619.SH,-0.00319,20230808
1792,600590.SH,-0.017621,20230808
1793,600587.SH,0.010412999999999999,20230808
1794,600577.SH,-0.048193,20230808
1795,600578.SH,-0.00813,20230808
1796,600582.SH,-0.005263,20230808
1797,600583.SH,0.0032519999999999997,20230808
1798,600480.SH,0.00106,20230808
1799,600362.SH,0.001996,20230808
1800,600336.SH,-0.006919999999999999,20230808
1801,600312.SH,0.00084,20230808
1802,600428.SH,-0.012698000000000001,20230808
1803,600458.SH,0.005343,20230808
1804,600459.SH,0.00128,20230808
1805,600420.SH,0.014705999999999999,20230808
1806,600396.SH,0.003906,20230808
1807,600861.SH,-0.005745,20230808
1808,600866.SH,-0.0017829999999999999,20230808
1809,600871.SH,0.0,20230808
1810,600805.SH,-0.010707,20230808
1811,600820.SH,-0.004792,20230808
1812,600961.SH,0.014349,20230808
1813,600966.SH,-0.015175000000000001,20230808
1814,600968.SH,0.0,20230808
1815,600973.SH,-0.020522,20230808
1816,600976.SH,0.021671,20230808
1817,600929.SH,-0.0013039999999999998,20230808
1818,600933.SH,0.013437,20230808
1819,600685.SH,-0.011977999999999999,20230808
1820,600699.SH,-0.009184,20230808
1821,600707.SH,-0.016923,20230808
1822,600710.SH,-0.002494,20230808
1823,600662.SH,-0.004878,20230808
1824,600626.SH,-0.015957,20230808
1825,600635.SH,-0.005714,20230808
1826,600780.SH,0.009278,20230808
1827,600789.SH,0.0076100000000000004,20230808
1828,600792.SH,-0.005666,20230808
1829,600727.SH,0.0,20230808
1830,600729.SH,-0.005248,20230808
1831,600731.SH,0.003984,20230808
1832,600737.SH,0.023058000000000002,20230808
1833,300909.SZ,0.005828,20230808
1834,300951.SZ,-0.008936,20230808
1835,300902.SZ,-0.004133,20230808
1836,300900.SZ,-0.006777,20230808
1837,301090.SZ,-0.008341,20230808
1838,300976.SZ,-0.014994,20230808
1839,301015.SZ,0.014505999999999998,20230808
1840,301017.SZ,0.004251,20230808
1841,300752.SZ,-0.0049499999999999995,20230808
1842,300739.SZ,-0.007138,20230808
1843,300832.SZ,0.000362,20230808
1844,300833.SZ,0.010085,20230808
1845,600170.SH,-0.006826,20230808
1846,600180.SH,0.003257,20230808
1847,600169.SH,-0.007843,20230808
1848,600168.SH,0.003125,20230808
1849,600166.SH,0.005464,20230808
1850,600143.SH,0.001121,20230808
1851,600269.SH,-0.005195,20230808
1852,600278.SH,-0.014303999999999999,20230808
1853,600285.SH,0.033424,20230808
1854,600292.SH,0.0,20230808
1855,600210.SH,-0.00947,20230808
1856,600218.SH,0.007873999999999999,20230808
1857,600052.SH,-0.004024,20230808
1858,600098.SH,-0.007911,20230808
1859,600060.SH,0.007237,20230808
1860,600073.SH,0.005083,20230808
1861,600079.SH,0.034117,20230808
1862,603968.SH,-0.014865999999999999,20230808
1863,603977.SH,-0.009029,20230808
1864,603901.SH,0.010388,20230808
1865,605183.SH,0.010065,20230808
1866,605116.SH,0.010839000000000001,20230808
1867,603987.SH,-0.0009299999999999999,20230808
1868,605008.SH,0.004496,20230808
1869,603859.SH,-0.008561,20230808
1870,603611.SH,-0.022789999999999998,20230808
1871,603527.SH,-0.003239,20230808
1872,603533.SH,-0.008319,20230808
1873,603535.SH,0.002973,20230808
1874,603556.SH,0.000793,20230808
1875,603588.SH,-0.001008,20230808
1876,603609.SH,-0.008289999999999999,20230808
1877,603800.SH,-0.028425,20230808
1878,603766.SH,0.005639,20230808
1879,688516.SH,-0.004346,20230808
1880,688519.SH,-0.044314,20230808
1881,688526.SH,-0.007414,20230808
1882,688575.SH,-0.0031290000000000003,20230808
1883,688578.SH,-0.010601000000000001,20230808
1884,688368.SH,-0.034714999999999996,20230808
1885,688377.SH,-0.023222,20230808
1886,688383.SH,-0.001318,20230808
1887,688389.SH,0.030462,20230808
1888,688617.SH,0.017459,20230808
1889,688660.SH,-0.0070420000000000005,20230808
1890,688665.SH,-0.031362,20230808
1891,688018.SH,-0.011017999999999998,20230808
1892,605507.SH,-0.00192,20230808
1893,688002.SH,-0.006122,20230808
1894,688198.SH,0.011433,20230808
1895,688239.SH,0.00393,20230808
1896,688269.SH,-0.008707,20230808
1897,688166.SH,0.005175999999999999,20230808
1898,601619.SH,0.0,20230808
1899,601686.SH,-0.00267,20230808
1900,601611.SH,-0.003676,20230808
1901,601609.SH,0.002976,20230808
1902,601512.SH,-0.01925,20230808
1903,601886.SH,0.005574,20230808
1904,601918.SH,-0.002331,20230808
1905,601717.SH,-0.012376,20230808
1906,601811.SH,0.013361000000000001,20230808
1907,601827.SH,0.001344,20230808
1908,601038.SH,-0.0017360000000000001,20230808
1909,601107.SH,0.0,20230808
1910,600986.SH,0.0065249999999999996,20230808
1911,600987.SH,0.002389,20230808
1912,600993.SH,0.013137000000000001,20230808
1913,600997.SH,-0.003125,20230808
1914,601226.SH,0.023121,20230808
1915,601330.SH,0.00266,20230808
1916,601137.SH,0.006072999999999999,20230808
1917,601139.SH,0.004065,20230808
1918,601200.SH,0.001011,20230808
1919,601208.SH,-0.015789,20230808
1920,601963.SH,-0.001222,20230808
1921,603297.SH,-0.0015079999999999998,20230808
1922,603299.SH,0.003067,20230808
1923,603303.SH,-0.012177,20230808
1924,603313.SH,0.004496,20230808
1925,603283.SH,0.012198,20230808
1926,603217.SH,-0.001271,20230808
1927,603225.SH,0.021398999999999998,20230808
1928,603239.SH,0.004834,20230808
1929,603277.SH,0.00241,20230808
1930,603500.SH,0.002398,20230808
1931,603390.SH,0.002439,20230808
1932,603386.SH,-0.011872,20230808
1933,603337.SH,-0.004888,20230808
1934,603353.SH,-0.004026,20230808
1935,603368.SH,0.009429,20230808
1936,603358.SH,-0.00345,20230808
1937,603197.SH,-0.007577,20230808
1938,603020.SH,-0.00213,20230808
1939,603028.SH,0.0,20230808
1940,603013.SH,0.015202,20230808
1941,601991.SH,-0.012903,20230808
1942,603010.SH,-0.0026690000000000004,20230808
1943,603012.SH,0.0050680000000000005,20230808
1944,603071.SH,0.012868,20230808
1945,603166.SH,-0.005935,20230808
1946,603181.SH,0.0035970000000000004,20230808
1947,603100.SH,-0.005797,20230808
1948,002237.SZ,0.008333,20230808
1949,002239.SZ,-0.003623,20230808
1950,002203.SZ,0.000819,20230808
1951,002215.SZ,-0.017417000000000002,20230808
1952,002249.SZ,-0.017422,20230808
1953,002293.SZ,-0.000919,20230808
1954,002294.SZ,-0.000725,20230808
1955,002258.SZ,0.004989,20230808
1956,002262.SZ,0.049855000000000003,20230808
1957,002266.SZ,-0.011737,20230808
1958,002273.SZ,-0.007853,20230808
1959,002183.SZ,-0.007576,20230808
1960,002087.SZ,0.037915000000000004,20230808
1961,002097.SZ,-0.01506,20230808
1962,002106.SZ,-0.010308999999999999,20230808
1963,002111.SZ,-0.010858000000000001,20230808
1964,002060.SZ,-0.00313,20230808
1965,002067.SZ,-0.00565,20230808
1966,002081.SZ,-0.0062239999999999995,20230808
1967,002160.SZ,0.0,20230808
1968,002161.SZ,-0.005455,20230808
1969,002170.SZ,-0.004878,20230808
1970,002171.SZ,-0.012063999999999998,20230808
1971,002126.SZ,0.033927,20230808
1972,002130.SZ,-0.005698,20230808
1973,002149.SZ,-0.010877,20230808
1974,002483.SZ,-0.01087,20230808
1975,002440.SZ,0.009986,20230808
1976,002442.SZ,0.011811,20230808
1977,002449.SZ,-0.007821,20230808
1978,002453.SZ,-0.013525,20230808
1979,002540.SZ,0.005111,20230808
1980,002556.SZ,-0.006452,20230808
1981,002324.SZ,-0.011119,20230808
1982,002416.SZ,-0.018111,20230808
1983,002429.SZ,-0.014336999999999999,20230808
1984,002382.SZ,0.002817,20230808
1985,002387.SZ,-0.014705999999999999,20230808
1986,002391.SZ,0.011314999999999999,20230808
1987,002392.SZ,0.002625,20230808
1988,002393.SZ,0.011255,20230808
1989,002054.SZ,0.013062,20230808
1990,002053.SZ,-0.024306,20230808
1991,000601.SZ,0.0,20230808
1992,000630.SZ,0.006135000000000001,20230808
1993,000582.SZ,0.002494,20230808
1994,000551.SZ,-0.00496,20230808
1995,000559.SZ,-0.00363,20230808
1996,000541.SZ,0.001773,20230808
1997,000727.SZ,-0.012821,20230808
1998,000709.SZ,-0.012447999999999999,20230808
1999,000680.SZ,-0.020257999999999998,20230808
2000,000061.SZ,-0.0042309999999999995,20230808
2001,000078.SZ,0.00627,20230808
2002,000089.SZ,0.001374,20230808
2003,000039.SZ,0.0,20230808
2004,000030.SZ,-0.00365,20230808
2005,000498.SZ,-0.001447,20230808
2006,000521.SZ,-0.0015079999999999998,20230808
2007,000528.SZ,0.0012720000000000001,20230808
2008,000426.SZ,0.034014,20230808
2009,000973.SZ,0.008639,20230808
2010,000987.SZ,0.003891,20230808
2011,000969.SZ,0.024340999999999998,20230808
2012,000931.SZ,-0.003306,20230808
2013,002041.SZ,-0.012041,20230808
2014,001696.SZ,0.002849,20230808
2015,002010.SZ,-0.003604,20230808
2016,002020.SZ,0.047144000000000005,20230808
2017,000800.SZ,-0.009760999999999999,20230808
2018,000801.SZ,-0.005830999999999999,20230808
2019,000823.SZ,-0.006363,20230808
2020,000829.SZ,-0.006614999999999999,20230808
2021,000766.SZ,0.079086,20230808
2022,000901.SZ,-0.001974,20230808
2023,000906.SZ,-0.010067,20230808
2024,000917.SZ,0.009119,20230808
2025,000921.SZ,0.010607,20230808
2026,000852.SZ,0.0065190000000000005,20230808
2027,000881.SZ,-0.004981,20230808
2028,000885.SZ,-0.015032,20230808
2029,000875.SZ,-0.011172999999999999,20230808
2030,300345.SZ,0.030918,20230808
2031,300349.SZ,-0.010933,20230808
2032,300358.SZ,0.002212,20230808
2033,300319.SZ,-0.005828,20230808
2034,300294.SZ,0.014668,20230808
2035,300206.SZ,0.0023699999999999997,20230808
2036,300219.SZ,-0.028149999999999998,20230808
2037,300183.SZ,-0.005769,20230808
2038,300279.SZ,-0.019097,20230808
2039,300289.SZ,0.010471,20230808
2040,300239.SZ,0.0176,20230808
2041,300241.SZ,0.0,20230808
2042,300636.SZ,0.00726,20230808
2043,300577.SZ,-0.002502,20230808
2044,300683.SZ,0.008107999999999999,20230808
2045,300705.SZ,-0.037264,20230808
2046,300470.SZ,-0.008341,20230808
2047,300488.SZ,-0.009968,20230808
2048,300441.SZ,-0.012048000000000001,20230808
2049,300536.SZ,0.09060399999999999,20230808
2050,300543.SZ,-0.019068,20230808
2051,002768.SZ,-0.010008,20230808
2052,002752.SZ,0.0,20230808
2053,002724.SZ,-0.02665,20230808
2054,002745.SZ,-0.010638000000000002,20230808
2055,002869.SZ,-0.007194000000000001,20230808
2056,002859.SZ,-0.014085,20230808
2057,002815.SZ,-0.010851,20230808
2058,002611.SZ,-0.02693,20230808
2059,002627.SZ,-0.005464,20230808
2060,002573.SZ,-0.007117,20230808
2061,002588.SZ,0.008091000000000001,20230808
2062,002676.SZ,-0.007194000000000001,20230808
2063,002688.SZ,0.006276,20230808
2064,002664.SZ,0.044585999999999994,20230808
2065,002635.SZ,-0.01443,20230808
2066,002637.SZ,-0.007352999999999999,20230808
2067,002653.SZ,0.000498,20230808
2068,002661.SZ,0.006452,20230808
2069,300082.SZ,-0.0063690000000000005,20230808
2070,300040.SZ,-0.004959,20230808
2071,300138.SZ,0.002546,20230808
2072,300119.SZ,-0.0038250000000000003,20230808
2073,300121.SZ,-0.002121,20230808
2074,002930.SZ,0.016757,20230808
2075,002937.SZ,0.0,20230808
2076,002911.SZ,0.008327,20230808
2077,002988.SZ,0.001651,20230808
2078,002996.SZ,-0.0016300000000000002,20230808
2079,600528.SH,-0.009091,20230809
2080,600525.SH,-0.01341,20230809
2081,600511.SH,0.004326,20230809
2082,600619.SH,-0.0144,20230809
2083,600496.SH,-0.0025840000000000004,20230809
2084,600498.SH,-0.034483,20230809
2085,600502.SH,0.0,20230809
2086,600508.SH,-0.002821,20230809
2087,600590.SH,-0.016442000000000002,20230809
2088,600597.SH,-0.009025,20230809
2089,600612.SH,-0.020505,20230809
2090,600587.SH,0.019847,20230809
2091,600577.SH,-0.025316,20230809
2092,600578.SH,-0.016393,20230809
2093,600582.SH,-0.012346,20230809
2094,600583.SH,-0.016207,20230809
2095,600336.SH,-0.010452999999999999,20230809
2096,600362.SH,-0.010955999999999999,20230809
2097,600312.SH,-0.013434,20230809
2098,600428.SH,-0.009646,20230809
2099,600458.SH,-0.023029,20230809
2100,600459.SH,-0.011501999999999998,20230809
2101,600420.SH,0.005797,20230809
2102,600396.SH,-0.007782,20230809
2103,600480.SH,-0.010592999999999998,20230809
2104,600861.SH,-0.014638,20230809
2105,600866.SH,-0.007143,20230809
2106,600871.SH,-0.018182,20230809
2107,600805.SH,-0.012987,20230809
2108,600820.SH,-0.006421,20230809
2109,600961.SH,-0.018498,20230809
2110,600966.SH,-0.006162999999999999,20230809
2111,600968.SH,-0.016447,20230809
2112,600973.SH,-0.020952000000000002,20230809
2113,600976.SH,-0.004457,20230809
2114,600933.SH,0.002566,20230809
2115,600929.SH,-0.006527,20230809
2116,600685.SH,0.002738,20230809
2117,600699.SH,-0.027806,20230809
2118,600707.SH,-0.020344,20230809
2119,600710.SH,-0.01625,20230809
2120,600662.SH,-0.00817,20230809
2121,600626.SH,-0.008107999999999999,20230809
2122,600635.SH,-0.014368,20230809
2123,600780.SH,-0.012257,20230809
2124,600789.SH,0.021147999999999997,20230809
2125,600792.SH,-0.008547,20230809
2126,600727.SH,-0.008251,20230809
2127,600729.SH,0.003517,20230809
2128,600731.SH,-0.011904999999999999,20230809
2129,600737.SH,-0.011862,20230809
2130,300909.SZ,-0.015728,20230809
2131,300951.SZ,-0.007992,20230809
2132,300902.SZ,-0.006226000000000001,20230809
2133,300900.SZ,-0.010993,20230809
2134,300976.SZ,-0.010570999999999999,20230809
2135,301090.SZ,-0.004673,20230809
2136,301015.SZ,0.00849,20230809
2137,301017.SZ,0.015872999999999998,20230809
2138,300752.SZ,-0.022387999999999998,20230809
2139,300739.SZ,-0.009346,20230809
2140,300832.SZ,0.0023510000000000002,20230809
2141,300833.SZ,-0.015389,20230809
2142,600170.SH,-0.0034360000000000003,20230809
2143,600180.SH,-0.011364,20230809
2144,600169.SH,-0.007905,20230809
2145,600168.SH,-0.007788000000000001,20230809
2146,600166.SH,-0.01087,20230809
2147,600143.SH,-0.008959,20230809
2148,600269.SH,-0.010444,20230809
2149,600278.SH,-0.013193,20230809
2150,600285.SH,-0.00132,20230809
2151,600292.SH,-0.005017000000000001,20230809
2152,600210.SH,-0.003824,20230809
2153,600218.SH,-0.032366,20230809
2154,600052.SH,-0.0060609999999999995,20230809
2155,600098.SH,-0.00638,20230809
2156,600060.SH,-0.004939,20230809
2157,600073.SH,-0.011378,20230809
2158,600079.SH,0.004904,20230809
2159,603500.SH,-0.013557,20230809
2160,603968.SH,-0.029019,20230809
2161,603977.SH,-0.001139,20230809
2162,603901.SH,-0.009596,20230809
2163,605116.SH,0.070396,20230809
2164,605183.SH,-0.008792,20230809
2165,603987.SH,0.006518,20230809
2166,605008.SH,-0.021739,20230809
2167,603859.SH,-0.01823,20230809
2168,603611.SH,-0.022517,20230809
2169,603609.SH,-0.010449,20230809
2170,603527.SH,-0.007311,20230809
2171,603533.SH,-0.023909,20230809
2172,603535.SH,-0.015411999999999999,20230809
2173,603556.SH,-0.030123,20230809
2174,603588.SH,0.0010090000000000001,20230809
2175,603800.SH,0.012163,20230809
2176,603766.SH,-0.003738,20230809
2177,688516.SH,-0.03469,20230809
2178,688519.SH,-0.025441,20230809
2179,688526.SH,-0.0046689999999999995,20230809
2180,688575.SH,0.036409,20230809
2181,688578.SH,0.007143,20230809
2182,688368.SH,-0.00852,20230809
2183,688377.SH,-0.000755,20230809
2184,688383.SH,-0.017325,20230809
2185,688389.SH,0.012232,20230809
2186,688617.SH,-0.023483999999999998,20230809
2187,688660.SH,-0.007092,20230809
2188,688665.SH,-0.022735,20230809
2189,688018.SH,-0.026579000000000002,20230809
2190,605507.SH,0.010101,20230809
2191,688002.SH,0.008008,20230809
2192,688198.SH,0.055117,20230809
2193,688239.SH,-0.00605,20230809
2194,688269.SH,-0.0016270000000000002,20230809
2195,688166.SH,0.013903,20230809
2196,601609.SH,-0.016319999999999998,20230809
2197,601611.SH,-0.00738,20230809
2198,601619.SH,-0.015909,20230809
2199,601686.SH,0.012048000000000001,20230809
2200,601512.SH,-0.004132,20230809
2201,601886.SH,-0.003326,20230809
2202,601918.SH,-0.002336,20230809
2203,601717.SH,-0.011696,20230809
2204,601811.SH,-0.049271,20230809
2205,601827.SH,-0.006711,20230809
2206,601038.SH,-0.010435000000000002,20230809
2207,601107.SH,-0.011765000000000001,20230809
2208,600986.SH,-0.019449,20230809
2209,600987.SH,-0.045292000000000006,20230809
2210,600993.SH,-0.014145000000000001,20230809
2211,600997.SH,-0.00627,20230809
2212,601226.SH,-0.048022999999999996,20230809
2213,601330.SH,-0.001326,20230809
2214,601137.SH,-0.018109,20230809
2215,601139.SH,-0.017544,20230809
2216,601200.SH,-0.009091,20230809
2217,601208.SH,-0.016043,20230809
2218,601963.SH,0.001224,20230809
2219,603283.SH,-0.00703,20230809
2220,603297.SH,0.029743,20230809
2221,603299.SH,-0.013252,20230809
2222,603303.SH,0.0030819999999999997,20230809
2223,603313.SH,-0.009848,20230809
2224,603277.SH,-0.009215,20230809
2225,603217.SH,-0.005515,20230809
2226,603225.SH,-0.023368000000000003,20230809
2227,603239.SH,-0.02268,20230809
2228,603390.SH,-0.03163,20230809
2229,603386.SH,-0.014787,20230809
2230,603337.SH,-0.009823,20230809
2231,603358.SH,-0.010387,20230809
2232,603368.SH,0.000983,20230809
2233,603353.SH,0.025771000000000002,20230809
2234,603197.SH,-0.011028,20230809
2235,603013.SH,-0.055990000000000005,20230809
2236,603020.SH,-0.008538,20230809
2237,603028.SH,-0.006808999999999999,20230809
2238,603012.SH,-0.011765000000000001,20230809
2239,601991.SH,-0.019608,20230809
2240,603010.SH,0.002676,20230809
2241,603166.SH,-0.019403,20230809
2242,603181.SH,-0.003584,20230809
2243,603071.SH,-0.007864,20230809
2244,603100.SH,-0.029446,20230809
2245,002237.SZ,-0.018182,20230809
2246,002239.SZ,-0.010909,20230809
2247,002215.SZ,-0.002954,20230809
2248,002203.SZ,-0.016367,20230809
2249,002293.SZ,-0.00828,20230809
2250,002294.SZ,0.015227999999999998,20230809
2251,002249.SZ,-0.014184,20230809
2252,002258.SZ,-0.007092,20230809
2253,002262.SZ,0.021369,20230809
2254,002266.SZ,-0.002375,20230809
2255,002273.SZ,-0.014952,20230809
2256,002183.SZ,-0.01145,20230809
2257,002087.SZ,0.013699,20230809
2258,002097.SZ,-0.007645,20230809
2259,002106.SZ,-0.012731,20230809
2260,002111.SZ,-0.003293,20230809
2261,002081.SZ,0.0,20230809
2262,002060.SZ,-0.00157,20230809
2263,002067.SZ,-0.005682,20230809
2264,002160.SZ,-0.014085,20230809
2265,002161.SZ,-0.010969,20230809
2266,002170.SZ,-0.00817,20230809
2267,002171.SZ,-0.016282,20230809
2268,002149.SZ,-0.002587,20230809
2269,002126.SZ,0.024744000000000002,20230809
2270,002130.SZ,-0.008596,20230809
2271,002483.SZ,-0.007326,20230809
2272,002440.SZ,-0.0014119999999999998,20230809
2273,002442.SZ,-0.013619000000000001,20230809
2274,002449.SZ,-0.02027,20230809
2275,002453.SZ,0.010283,20230809
2276,002540.SZ,-0.020339,20230809
2277,002556.SZ,-0.002597,20230809
2278,002324.SZ,-0.011244,20230809
2279,002416.SZ,-0.01054,20230809
2280,002429.SZ,-0.012726999999999999,20230809
2281,002382.SZ,0.005618,20230809
2282,002387.SZ,-0.00995,20230809
2283,002391.SZ,-0.013986,20230809
2284,002392.SZ,-0.013089,20230809
2285,002393.SZ,0.012414000000000001,20230809
2286,002054.SZ,-0.002865,20230809
2287,002053.SZ,0.006228,20230809
2288,000601.SZ,-0.010893,20230809
2289,000582.SZ,-0.007463,20230809
2290,000630.SZ,-0.018293,20230809
2291,000541.SZ,-0.010619,20230809
2292,000551.SZ,-0.007976,20230809
2293,000559.SZ,-0.005464,20230809
2294,000709.SZ,-0.008403,20230809
2295,000727.SZ,-0.012987,20230809
2296,000680.SZ,-0.026316000000000003,20230809
2297,000061.SZ,-0.014164000000000001,20230809
2298,000078.SZ,0.009346,20230809
2299,000089.SZ,-0.006859,20230809
2300,000039.SZ,-0.0053549999999999995,20230809
2301,000030.SZ,-0.023809999999999998,20230809
2302,000498.SZ,0.0,20230809
2303,000521.SZ,-0.022659,20230809
2304,000528.SZ,-0.026684,20230809
2305,000426.SZ,-0.009868,20230809
2306,000969.SZ,-0.037624,20230809
2307,000973.SZ,-0.025696,20230809
2308,000987.SZ,-0.023256000000000002,20230809
2309,000931.SZ,0.003317,20230809
2310,002041.SZ,-0.015844,20230809
2311,001696.SZ,-0.019886,20230809
2312,002010.SZ,-0.009042,20230809
2313,002020.SZ,-0.003463,20230809
2314,000800.SZ,-0.014239,20230809
2315,000801.SZ,-0.010264,20230809
2316,000823.SZ,-0.012806999999999999,20230809
2317,000829.SZ,-0.015538000000000001,20230809
2318,000766.SZ,-0.027687,20230809
2319,000901.SZ,-0.02275,20230809
2320,000906.SZ,-0.013559000000000002,20230809
2321,000917.SZ,-0.02259,20230809
2322,000921.SZ,-0.004618,20230809
2323,000852.SZ,-0.025907,20230809
2324,000875.SZ,-0.009416,20230809
2325,000881.SZ,-0.008761,20230809
2326,000885.SZ,-0.001606,20230809
2327,300345.SZ,-0.011246,20230809
2328,300349.SZ,-0.011054,20230809
2329,300358.SZ,0.009566,20230809
2330,300319.SZ,-0.01524,20230809
2331,300294.SZ,0.0018859999999999999,20230809
2332,300206.SZ,0.00788,20230809
2333,300219.SZ,-0.013793,20230809
2334,300183.SZ,-0.011605,20230809
2335,300279.SZ,-0.026549,20230809
2336,300289.SZ,0.013817,20230809
2337,300239.SZ,0.009434,20230809
2338,300241.SZ,-0.019646,20230809
2339,300636.SZ,0.022523,20230809
2340,300577.SZ,-0.02069,20230809
2341,300683.SZ,0.010992,20230809
2342,300705.SZ,0.010779,20230809
2343,300470.SZ,-0.006542,20230809
2344,300488.SZ,-0.01373,20230809
2345,300441.SZ,0.005226,20230809
2346,300536.SZ,-0.001231,20230809
2347,300543.SZ,-0.019438,20230809
2348,002768.SZ,-0.013479000000000001,20230809
2349,002752.SZ,-0.008246999999999999,20230809
2350,002724.SZ,-0.003911,20230809
2351,002745.SZ,-0.015054000000000001,20230809
2352,002869.SZ,-0.012263,20230809
2353,002859.SZ,-0.01,20230809
2354,002815.SZ,-0.017722,20230809
2355,002611.SZ,-0.020295,20230809
2356,002627.SZ,-0.012821,20230809
2357,002573.SZ,-0.008961,20230809
2358,002588.SZ,-0.016051,20230809
2359,002676.SZ,-0.012077,20230809
2360,002688.SZ,-0.008316,20230809
2361,002664.SZ,-0.042005,20230809
2362,002635.SZ,-0.014641,20230809
2363,002637.SZ,-0.008333,20230809
2364,002653.SZ,0.0,20230809
2365,002661.SZ,-0.005495,20230809
2366,300082.SZ,-0.0025640000000000003,20230809
2367,300040.SZ,-0.011628000000000001,20230809
2368,300138.SZ,0.00127,20230809
2369,300121.SZ,-0.005313,20230809
2370,300119.SZ,-0.000549,20230809
2371,002911.SZ,-0.036787,20230809
2372,002930.SZ,-0.021825999999999998,20230809
2373,002937.SZ,-0.010484,20230809
2374,002988.SZ,-0.011538,20230809
2375,002996.SZ,-0.01551,20230809
