trade_date,group_0,group_1,group_2,group_3,group_4,group_5,group_6,group_7,group_8,group_9,longshort_hedge
20220103,1.0,1.0,1.0,1.0,1.0,1.0,1.0,1.0,1.0,1.0,1.0
20220104,1.0207760096774194,1.0208693042071197,1.0193768741935485,1.0133078899676375,1.0172491747572816,1.0088495889967637,1.0065724466019417,1.0008061553398058,0.9980023203883495,0.9913889093851133,1.029387100292306
20220105,1.0124963645161291,1.0089513301811457,1.008066341935484,0.9990712006472492,0.9972188090614887,0.9934128608414239,0.9878339644012945,0.982224640776699,0.9765017993527507,0.9770050906148867,1.0354912739012423
20220106,1.0240291677419355,1.0200831613499768,1.0187744258064517,1.008420786407767,1.0100467378640778,1.0024983106796115,0.9955057637540453,0.9882013689320388,0.9797038381877021,0.9707347734627831,1.0532943942791524
20220107,1.0069142161290323,0.997793901609717,0.9987760870967743,0.9908113203883495,0.9961627152103562,0.9833423559870549,0.9823032071197411,0.9782133754045307,0.969664773462783,0.96721171197411,1.0397025041549224
20220110,1.0214209677419355,1.009715505505821,1.0087606290322582,1.0012494498381876,1.0047271100323627,0.990738417475728,0.9881462912621359,0.9818052071197411,0.9734520916446012,0.9712128381877023,1.0502081295542334
20220111,1.0185235741935483,1.0080386418694574,1.0046325935483873,0.9944809320388349,0.9976920550161815,0.9858136925566341,0.9782008511326861,0.9733484595469255,0.9640664422939519,0.9604790388349516,1.058044535358597
20220112,1.0341098967741935,1.0230097230382886,1.0201461903225808,1.006981064724919,1.0115357508090619,0.9981698187702264,0.9886419579288026,0.9837213268608413,0.9773032896965493,0.9705429870550163,1.0635669097191773
20220113,1.031494535483871,1.0200627133295508,1.0147847955005744,0.9977843268608414,0.9989672783171525,0.9855941747572814,0.9739380485436894,0.9669005404530744,0.9627721046316142,0.9535248252427185,1.0779697102411525
20220114,1.0234067451612903,1.0133318460156349,1.008462109416432,0.9959561941747572,0.9990760032362463,0.9830568284789643,0.9727629706216114,0.967225404089438,0.9615599325536921,0.9467049126213594,1.0767018325399311
20220117,1.0449511451612903,1.0346489206909595,1.0270147955005744,1.015719275080906,1.0196670420711977,0.9978882880258898,0.9894293472449881,0.9791393261673601,0.9722967150212246,0.9561423074433658,1.0888088377179246
20220118,1.021270522580645,1.0127437880048753,1.0113332259212864,0.9982010008873577,1.0054669449838192,0.9904873559870548,0.9828927465956374,0.9779469462972302,0.9735781825536921,0.9672488220064727,1.0540217005741725
20220119,1.0322226258064515,1.02294873622494,1.0200606369245226,0.9984925557260674,1.0058045048543693,0.9877361715210354,0.9767763407514816,0.9691056118816458,0.9632817150212246,0.9571618090194597,1.075060816786992
20220120,0.9995788387096773,0.9921325582314126,0.9912170738177265,0.9718337525002609,0.9836363559870555,0.9637984045307442,0.9568458699722607,0.9527447482452821,0.9530715624238221,0.9585762408376415,1.0410025978720359
20220121,0.9885406225806451,0.9841891213382087,0.9825312162125485,0.9570354395970352,0.9675911974110036,0.9487655372168283,0.9417002790631698,0.9381684008426847,0.9432645039822636,0.946972630448031,1.041567992132614
20220124,0.9831076612903226,0.9774129854158786,0.979254735693068,0.9550825105647771,0.9627360194174761,0.9483500517799351,0.9424430615307022,0.9408374398037237,0.9458333162799982,0.9520798447337453,1.0310278165565772
20220125,0.9341681774193549,0.9329166973899886,0.9330759889398212,0.9098807944357449,0.9184626278317156,0.9041299676375403,0.9034621914008321,0.9039995534400873,0.9117700897427814,0.926845721357122,1.0073224560622327
20220126,0.942356970967742,0.9395915485226747,0.9392438460826784,0.91607551701639,0.924088391585761,0.9104954854368931,0.9100926329592737,0.9103618596290124,0.9169980088366325,0.9323491726558233,1.0100077983119184
20220127,0.8996859967741936,0.8995824352540662,0.9010654207580031,0.8833475492744545,0.8939379902912625,0.8784000873786406,0.884900506335897,0.8851521680705708,0.8902585525259529,0.9119428004875385,0.9877431962866549
20220128,0.9236217806451613,0.9231462321013363,0.9190471545242369,0.900516710564777,0.9024458964401298,0.8869058770226536,0.887509726400622,0.884572746213302,0.8858671674126842,0.9017059267011307,1.0219158539440303
20220207,0.9390164040217847,0.933935815972304,0.9312959894756933,0.9140567752896961,0.9159889061488677,0.9029872265372166,0.9042002499014323,0.9013931854353441,0.9004816690308072,0.9182596742739463,1.0207567297478382
20220208,0.9569830631126938,0.9541966030690782,0.9507398891520686,0.9321278044159097,0.932569025889968,0.9196261359223299,0.9141506654858479,0.9106437938495836,0.9050700832702894,0.918497049678477,1.0384860134342164
20220209,0.9703440016240207,0.969182780488433,0.9692658891520687,0.9485347752896961,0.9520742103559875,0.9367253365695791,0.9320809284728608,0.9255275252411693,0.9197633583511955,0.9281933118143993,1.042150689809621
20220210,0.9641265323683572,0.9643143772626265,0.9673099279870201,0.9464337688172042,0.9483697961165053,0.9375468381877021,0.9303941882131206,0.9234543634288715,0.9201025687071825,0.9261098555037197,1.038016676864637
20220211,0.9409542087437618,0.94140237403682,0.9478004069514214,0.9272899079757803,0.9261944563106801,0.9181641553398057,0.908642772628705,0.9059311563091305,0.9044762321376033,0.9154784962804188,1.0254757124633425
20220214,0.9465701151953747,0.9475404933916587,0.9516522386666317,0.9276596393673661,0.923224245954693,0.9164224045307442,0.9020927823689647,0.896739408736315,0.8986574489660822,0.9039969525910984,1.0425731626042758
20220215,0.946931131324407,0.9498923321013361,0.9506820283106446,0.9294974937362981,0.9288495631067966,0.9226260323624594,0.9119017172223849,0.9082186158560561,0.9110881350502247,0.9193074736266971,1.0276236576977094
20220216,0.9625315474534393,0.9643265933916586,0.964246649669868,0.942179435483871,0.9399549320388354,0.9332839741100323,0.9198433980041438,0.915851258713199,0.9153736949207748,0.92074997524482,1.0417815722086186
20220217,0.9589004926147296,0.9584790288755296,0.9576219118057903,0.9382563481052302,0.9357366601941752,0.9304495177993527,0.9193215510986064,0.9158277684534587,0.9195258114256292,0.9230333959567941,1.0358670966579349
20220218,0.9658481216469877,0.9658017837142393,0.9661762354303858,0.9462762283641298,0.9443595825242723,0.9396841909385113,0.9274155640856193,0.9242268626093029,0.9252176496133314,0.9282137778338168,1.0376343438131703
20220221,0.98348033777602,0.987542038552949,0.9867531415792531,0.9629221992379162,0.9600108122977351,0.9535072524271845,0.9384502653843206,0.93443421975216,0.9295093842411631,0.9282024056655319,1.0552779321104873
20220222,0.9726431119695683,0.976615338552949,0.9739984975663081,0.9508225649337091,0.9478939223300976,0.9430770970873786,0.9257066375526054,0.9224432262456665,0.9203433712541501,0.918287755180095,1.0543553567894726
20220223,0.9894229571308586,0.9938087869400458,0.9870601804142045,0.9644532995615408,0.963162533980583,0.9604814530744337,0.942673521047751,0.9402872002716406,0.9378089134619423,0.9319003377043669,1.057522619426491
20220224,0.9661745345502134,0.9701948159723038,0.9586819927119391,0.939559713801023,0.9369237637540458,0.9372591844660194,0.9183329611772009,0.9188625789124173,0.9194613193060981,0.9147989978985416,1.051375536651671
20220225,0.974571766808278,0.9777160611335941,0.9683082969190588,0.948098856195845,0.9466452200647255,0.9440384110032363,0.9299419676496927,0.9271531646729351,0.9284793939814228,0.9245862470894801,1.049985519718797
20220228,0.9685578829373102,0.9744210482303683,0.9681640596291539,0.9504132289905,0.9497816702160983,0.9496206649963462,0.9348981829546144,0.9308471484917052,0.9340438202517544,0.9271503021056613,1.041407580831648
20220301,0.9803187601586348,0.9867142417787554,0.9781505338227022,0.9591484874719216,0.9587557915753215,0.9576689961756677,0.9410017363526726,0.932682811922126,0.9338665101868193,0.9319433668305804,1.0483753933280537
20220302,0.9857701859650865,0.9935972933916587,0.9862487273710894,0.9635877810203087,0.9611201980269345,0.9600713090788935,0.9422380599772681,0.9315973103040031,0.9332409257712349,0.9266299622998361,1.0591402236652496
20220303,0.9788390988683123,0.9898297062948845,0.9857035144678635,0.9630904197299861,0.9586142818979022,0.9575710219821193,0.9399411603008927,0.9270327860321584,0.9308587315964776,0.9205664898079267,1.058272609060385
20220304,0.9691880666102478,0.9752567675852071,0.9728330305968957,0.9531951229557926,0.9453739722204828,0.9448720994014741,0.9278715001067179,0.9156288281033559,0.9214412137971248,0.911348751943849,1.057839314666398
20220307,0.957976053707022,0.9634691159723039,0.9592874564033473,0.9364816197299861,0.9305619786720957,0.9279935574659902,0.9079571958995982,0.891501679236042,0.8994547235373845,0.8843690496784768,1.0736070040285444
20220308,0.924973747255409,0.9296892321013361,0.9282829256590108,0.9057474584396635,0.8993908783484711,0.8969536252079257,0.8747205454141613,0.8607098637020614,0.8659813858750469,0.8567598393224898,1.0682139079329185
20220309,0.90653808273928,0.9148546901658523,0.9139449580214704,0.8955397165041796,0.8848050110345552,0.8835341203535567,0.8578075454141614,0.8440307245434853,0.8521847462646573,0.843377680746438,1.0631604019928411
20220310,0.9213447343521832,0.9323962224239168,0.9318731619049655,0.9144094777945022,0.9032399948533254,0.9005404719664599,0.8784728269675595,0.8640972358703461,0.8708335189919301,0.862103751943849,1.0592409824083333
20220311,0.9281267924166994,0.9451486933916587,0.9400437994454186,0.9220581423106312,0.9130771534293772,0.9060731655148471,0.8877741344109251,0.8715183685564303,0.8800127949659561,0.8667035156978944,1.061423276718804
20220314,0.9011814149973445,0.9170089546819813,0.9141252945910496,0.8973674681170828,0.8831220013258173,0.8783445590632342,0.8593798496212811,0.8451540675855564,0.8575453127653089,0.8388375415878621,1.0623438734094817
20220315,0.8497017149973445,0.8670599224239168,0.8608464402221175,0.8454989487622441,0.8282852893517073,0.8248202590632342,0.8057350308510546,0.7888004268088574,0.8026313548365063,0.7908553700668265,1.0588463449305172
20220316,0.8794707569328284,0.8988249127464975,0.8941824952382987,0.8763457261815989,0.8597455611963675,0.8547245171277503,0.8335273124044527,0.820728598329893,0.8344347626034966,0.8306231564745935,1.048847600458234
20220317,0.8986643601586348,0.9177518353271427,0.9116744952382987,0.8947443455364376,0.8827934899989565,0.8753076687406536,0.858536072922252,0.8419857277797311,0.8523940603381244,0.8464828457949819,1.0521815143636521
20220318,0.9142784859650864,0.9307615643594007,0.9265763657884605,0.9087246745686957,0.8945252699342315,0.8891088139019439,0.8700260114335788,0.852257591857401,0.8602145910824609,0.8548691014584123,1.0594093845066734
20220321,0.9300544020941187,0.9469588417787556,0.9421209742026999,0.9251876294074053,0.9062795989664896,0.8988507848696858,0.878845998488595,0.8559379316632263,0.8676583548365062,0.8553471694195773,1.0747072326745406
20220322,0.9299268085457316,0.9431484611335943,0.9409524387188289,0.923689048762244,0.9073324602568121,0.8985432106761374,0.879908788132608,0.853246595093647,0.8653943321827845,0.8551533830118103,1.0747734255339205
20220323,0.933164847255409,0.9441480901658523,0.9431556387188289,0.9251816358590182,0.9120658054181024,0.9045433526116213,0.8853761214659414,0.8610723976826438,0.8709104875225904,0.8602514574454673,1.072913389809941
20220324,0.9190945375779896,0.930794409520691,0.9318271483962483,0.910964855213857,0.896946266708425,0.8908461977729116,0.876149147355909,0.8491897892684043,0.8622252383316519,0.8555950399697391,1.06349949760825
20220325,0.9216513984194136,0.9308209998432717,0.9336041064607644,0.9074290461523683,0.8935559215471347,0.8846017816438794,0.8670653674206339,0.8398428442845856,0.8499729697232377,0.8375436095490271,1.0841077888703858
20220328,0.9167787532581233,0.9274923299403591,0.9303377483962483,0.9061314617367839,0.892327702192296,0.8840099332567826,0.8643035777766209,0.8367506080386309,0.849545442215147,0.8326540496784769,1.0841247035796457
20220329,0.9042929951936072,0.9162305823675436,0.9216705322672161,0.8984193808306351,0.8826417731600379,0.8763216258134169,0.8588776942814753,0.8277567860321584,0.8440003710177361,0.829606327995629,1.0746866671979776
20220330,0.9175999403548974,0.929667205744167,0.9360522225897967,0.9148530766235153,0.8987343699342314,0.8952077973344524,0.8773978075500837,0.8500426209836147,0.865636167134241,0.8544489169923927,1.063151023362504
20220331,0.9220046145484458,0.9313014610855997,0.9390433483962484,0.9121064756599627,0.8988589538051991,0.8931781861015471,0.8703936975177212,0.8391206436373364,0.854288006141512,0.8428660496784768,1.0791385648699683
20220401,0.9137117518667011,0.9270393866519427,0.9350862707263454,0.9098470064042993,0.8945516657793091,0.8920986165222591,0.8716302250258119,0.8448961030529208,0.861608646918211,0.8515387325263732,1.0621730193403272
20220406,0.9275395454150882,0.9426578915063116,0.9497464195936594,0.9232717986120915,0.9064611317987266,0.9012424834053759,0.8744732962232229,0.8469007567746037,0.8597385174683728,0.8465814315554995,1.080958113859588
20220407,0.9027493325118624,0.9172239659399686,0.9221587897235295,0.893896990170533,0.8803791641611861,0.8760228957430383,0.8503933415306663,0.8244613910788109,0.8407590126140039,0.8322324347917455,1.0705168977201163
20220408,0.8891191325118624,0.9037267879464411,0.91304846933518,0.8895934071086438,0.872768096200021,0.8727278502884928,0.843964428909307,0.8218851257066426,0.8394988022580169,0.8369766101164208,1.052142522395441
20220411,0.8587255938021849,0.8757611924771854,0.8863735502413289,0.8600121367503376,0.8415293000835162,0.8428617853534278,0.8126045685196966,0.7887682098490374,0.8044418928729036,0.8071349531584919,1.0515906406436923
20220412,0.8792566260602495,0.8966935322830106,0.9063896699824292,0.877965986913204,0.8570808470090826,0.8581796976910901,0.8288414126755408,0.8033164849299436,0.8213831517725799,0.8244474839028285,1.0548091421574204
20220413,0.8595425615441205,0.8770203413444994,0.8847240162607464,0.8550591041770477,0.8312559020252638,0.8343589671716096,0.8082565587794369,0.7843279800755746,0.8081307440055896,0.8141796554238642,1.0453629061202558
20220414,0.8680534679957334,0.8837051665872178,0.8924291424743386,0.8667869347959402,0.8409553097922541,0.8427876985631954,0.8212005782599564,0.7975719412406231,0.819936501287143,0.8289161570419872,1.0391373109537458
20220415,0.8510257034796043,0.861309441668124,0.8696361392380926,0.8465594689978946,0.8224425816369143,0.8272062829787797,0.8095967243638525,0.7892262648652186,0.8138126080832595,0.8264677395662591,1.0245579639133449
20220418,0.8655182099312172,0.8741903801794508,0.8757295275876071,0.8543417402397246,0.8270970120576263,0.8340324295585843,0.8143674483898266,0.7952912130852834,0.8157289262650776,0.8264479175597865,1.0390702923714303
20220419,0.869663251866701,0.8812567005678004,0.8799513684966981,0.8640889069063913,0.834378607526882,0.8443571266269881,0.8183321042339824,0.7973846791047009,0.817443760680662,0.8216395777539612,1.0480236741127396
20220420,0.8677748325118623,0.8742425419917486,0.8740177083025233,0.8547622749845671,0.8224168470090826,0.830617172229594,0.8047152990391772,0.7770711613053481,0.8006651665248179,0.8022049305047703,1.0655699020070917
20220421,0.8357194325118623,0.8334708947425576,0.8298073264255007,0.810164346645805,0.7792114521870761,0.7879467813501151,0.7672457535846317,0.7398411839590698,0.76614283860274,0.7779555701151599,1.057763862396702
20220422,0.824987451866701,0.8169845148724277,0.8169430448721027,0.7948036161263244,0.7666384974945195,0.7746085370504409,0.7532113964417745,0.7308961871953158,0.7611071113300127,0.7796798266086664,1.0453076252580342
20220425,0.7426637463650828,0.7308719841280912,0.7359283046123624,0.7139651436344151,0.687110037947594,0.6957202037171075,0.6790741796132955,0.6607747988458013,0.695119903537805,0.7253677389463288,1.0172960074187538
20220426,0.7002440570446945,0.6939458579144989,0.7006909344824922,0.6785961339256772,0.6561707563941959,0.6649168475079572,0.6492039977951137,0.6333530868716912,0.6661841608667952,0.7089573753099652,0.9912866817347291
20220427,0.7231847560738207,0.7223162020703431,0.7338662818850896,0.7126998458997872,0.6923964004071408,0.704543414721072,0.6916135464964124,0.6730273490076135,0.7121073595638636,0.7454933428424327,0.9776914132313878
20220428,0.6977935489540796,0.7004101955768366,0.7118271190186402,0.6911360886182338,0.6754877078505065,0.6907924507866458,0.6813824653275812,0.6644811192341508,0.7086858058179353,0.7521669889463288,0.9456265600077506
20220429,0.745804349977151,0.7492754609805268,0.7555315669593546,0.7350756790439893,0.7198425881094062,0.7332676627976511,0.7272921100760366,0.7045785208018387,0.7506630656452652,0.7849860569074939,0.9608182930696568
20220505,0.7686535710992631,0.7667232293328922,0.7723436664699582,0.7555374343114123,0.7380805881094061,0.7547392712805222,0.7473572143105642,0.7217878876849556,0.7633536324205095,0.7890077674765996,0.9796458036226634
20220506,0.7626187685102663,0.7601888539283614,0.764758258702968,0.7458055152175611,0.7241701108366788,0.7448063589428598,0.7329441524213134,0.7045401863862543,0.7449643239789511,0.7642351440999763,0.99838362441029
20220509,0.781053936795056,0.781079669462342,0.7850177247223855,0.7671267449910238,0.7427901465509645,0.761072953098704,0.7478236978758589,0.7166896539187217,0.7535892882646653,0.7613710174765996,1.0196829193184562
20220510,0.798524719966577,0.7971847665497206,0.8026860095120295,0.7856556835023507,0.7612642212262892,0.7772789855662365,0.7665122206031316,0.733634670152488,0.7689982850179121,0.7733128713727035,1.0252118485938733
20220511,0.7977702668921434,0.7970596888798177,0.803496397861544,0.7876692466091468,0.7606373153821334,0.7817291251766262,0.7746269316420926,0.7427843974252152,0.7756870155373926,0.7881670272168594,1.0096032396752839
20220512,0.8097073283808165,0.808143140178519,0.8131942263405084,0.7995315831787261,0.7705829192782373,0.7887252978150626,0.7788954121615731,0.7475940337888516,0.7771525317711588,0.7853583291649113,1.0243489992159052
20220513,0.8136682118759622,0.8135136856330644,0.8189689253696346,0.8069431236318005,0.7770487439535619,0.7958948059583851,0.7853221678618988,0.7542937610615789,0.7860701064464836,0.7929520499441322,1.0207161619318301
20220516,0.8146909270863182,0.8160081044642332,0.8185973571878165,0.8111937449910238,0.7803513251223931,0.7980222684991017,0.7887292977320287,0.7535519428797607,0.7871091390197734,0.7883428583856906,1.0263480687006277
20220517,0.8115878429439234,0.8136950427759215,0.8164668701748294,0.8087151203955546,0.7786482762624582,0.7933674802254861,0.7896901646151456,0.7567135662563841,0.7912077318536497,0.7978126960480283,1.013775146895895
20220518,0.8264420241736968,0.8289246174512462,0.8268486493956086,0.817253304861574,0.7864855042754876,0.7982952163818379,0.7906198951346262,0.755201355217423,0.7878357090523468,0.794417244749327,1.0320247794243698
20220519,0.8335644351769331,0.8357228706979994,0.8328067890059982,0.8226361301042925,0.7946686471326304,0.8031535670311886,0.796671537991769,0.7623880370356049,0.7946898035148875,0.7998289460480282,1.0337354891289048
20220520,0.844240156859781,0.8462787078315499,0.8434697954995047,0.8342144763826096,0.8081161536261369,0.8142653137844353,0.8134287392904703,0.7784048389836569,0.8095311422771024,0.8165396473467296,1.0277005095130514
20220523,0.8613914772481306,0.8642407208608659,0.8624081493956086,0.8509463307515416,0.8252901016780849,0.8279003040441756,0.8260131743554054,0.7875432188537868,0.8171647872282425,0.8148020239701061,1.0465894532780242
20220524,0.8196990986073539,0.8222691899162404,0.8152564708241801,0.8040164084214445,0.7836618298334247,0.7839618949532665,0.7843503756541067,0.7474255630096309,0.7834135331565812,0.7882872966973788,1.0314118019099747
20220525,0.841525522555574,0.8472783820986508,0.8378875974475567,0.8271555669974963,0.806882878377114,0.8067781676805392,0.8049589326573641,0.7658932480745659,0.801013608075148,0.7985923194246516,1.042933203130922
20220526,0.843569163332273,0.8514985671635859,0.8419661753696346,0.833030447256396,0.8127848168884408,0.8164467066415781,0.8119015222339113,0.7744718357369036,0.8111234126354085,0.8074005661778983,1.0361685971543741
20220527,0.8432207005491016,0.8526619384990908,0.8446701071878164,0.8336830006544542,0.8127075159175671,0.8170953462519678,0.8105262746769081,0.7724324948278127,0.8084067546549525,0.8068227169975705,1.0363979835515305
20220530,0.8498550435911728,0.8629746235640259,0.8552934708241801,0.8406310006544542,0.82352630556158,0.8293693656694435,0.8210699945466149,0.7841567026200206,0.8184277254341733,0.8128920013112959,1.0369630422798761
20220531,0.8588549625806289,0.8760456169657854,0.8663008369375531,0.8507591268680464,0.8372879657557548,0.8377080355723562,0.8375083443658895,0.7967761436741121,0.8298586788028112,0.8271562348921069,1.0316987276885212
20220601,0.870018207710499,0.8847859438266269,0.8747349659698112,0.8611302466091467,0.8431770078269523,0.843761906122518,0.8417193606260521,0.8005622182284071,0.8294163238595372,0.8234288572583953,1.0465893504521029
20220602,0.8809161496459829,0.8963339470524333,0.8846484756472305,0.8704171915929655,0.850550237600415,0.8496712038571458,0.8498441366000781,0.8088750175811579,0.8415622914970777,0.8271485821774892,1.053767567468493
20220606,0.9018719657750152,0.9129757406008204,0.8995754691956176,0.8824892110104412,0.866794098441839,0.8632226601678255,0.865408029457221,0.827181862241352,0.860753702500314,0.847107663083638,1.0547643026913764
20220607,0.890083678678241,0.9034920696330785,0.8934228240343273,0.877845075088111,0.8660184965000914,0.8621510744073076,0.864676990369273,0.8257957522089896,0.8626658707851037,0.8502677278085572,1.0398159508696831
20220608,0.8863632173879185,0.9008417115685624,0.8939624659698111,0.8758782401366547,0.8638163605777613,0.8632272038571458,0.8643015962324652,0.8254698039889249,0.8691017931152007,0.8590451129218258,1.027318104466092
20220609,0.8611419206137249,0.8786686241899216,0.8745923853246498,0.8536455281625447,0.8438379172120656,0.8466706245691199,0.8504401564930515,0.8091156189239899,0.8560988060601846,0.848899750462279,1.0122421701514452
20220610,0.8783051819040474,0.8972601241899216,0.8928380272601336,0.8724491236318004,0.8625218719046223,0.8670543397794759,0.8704874909086359,0.8298610590534397,0.8753343982931944,0.8650953621127644,1.0132098197912824
20220613,0.8868271819040474,0.9074264822544378,0.9006212369375529,0.8807184148939363,0.8635940401894119,0.872542828452615,0.8747119504555614,0.8334595053075113,0.8755783303320294,0.8571409414007902,1.0296862405032565
20220614,0.884931378678241,0.9085657177383087,0.9001413401633593,0.8832832692628684,0.8658852796716126,0.8747344498118383,0.8776995782872766,0.8367410297374788,0.8818534080019322,0.8657961323393015,1.0191352463389387
20220615,0.8862513399685636,0.9095209919318571,0.896020559518198,0.8815991689392437,0.8645929010308359,0.8731910679348157,0.8788895944685065,0.8384794271316156,0.8834685147980488,0.8729325886499811,1.0133187513185817
20220616,0.9010469754524346,0.9216897532221797,0.9040815208085207,0.8894318517871401,0.8743044058852047,0.8821033397794759,0.883998555633555,0.8441048342977394,0.8840854597818676,0.8679713977114698,1.033075577740964
20220617,0.9043822109363056,0.9283075596737926,0.9084548788730368,0.8929504925638392,0.8805696104306593,0.8879449125950098,0.8906608307144611,0.84984031638243,0.8948983788757188,0.8777716630836381,1.0266105478526666
20220620,0.9220388819040475,0.9430520628995991,0.9227324369375529,0.9047228323696644,0.8955367273137762,0.9010038640513205,0.9009961705202864,0.8579487222265858,0.9000632623708644,0.8829955659962594,1.0390433159077872
20220621,0.9226309560975958,0.9423253048350829,0.9215839498407787,0.9023706635384956,0.8891852532878022,0.8939276407503496,0.8938905459248171,0.8528503163824299,0.888536362694489,0.880018164701761,1.042612791395834
20220622,0.9114572560975959,0.9307561403189539,0.9134708046794884,0.8895583615904437,0.876507448092997,0.8801383106532622,0.8817717634572846,0.8378127774213909,0.8738360055516319,0.8662276566111461,1.045229599486449
20220623,0.9325736077104991,0.9523585370931474,0.9341739627440045,0.9104665946001524,0.8982166656254645,0.9003634886467897,0.9012169002651021,0.8589456735252871,0.8923076107296254,0.8834964592001429,1.0490771485103554
20220624,0.9455024980330797,0.9630381435447604,0.9444074756472304,0.9232914160287239,0.9084075812098801,0.9119236601678253,0.9101298286038644,0.8708616443045079,0.9014242644513082,0.8935237634072626,1.0519787346258163
20220627,0.9548298464201765,0.9715447822544377,0.9550328240343271,0.9314804355092434,0.9175907760150749,0.919605902886272,0.9153980859328547,0.880376709029427,0.9073487951956447,0.9061394592001428,1.0486903872200328
20220628,0.9696505851298539,0.9853759435447603,0.9710582079052948,0.9491310296650876,0.932319000041049,0.9301198866525058,0.9260106313874001,0.8941842786087151,0.9205455492409521,0.9170285465787836,1.0526220385510694
20220629,0.9469061657750152,0.9622196911175759,0.9502807401633594,0.9248422464935665,0.9127908641187189,0.9086360951215612,0.9064994106081794,0.8760780026346892,0.8995955654221819,0.9030190417244147,1.0438871240505996
20220630,0.9532220464201765,0.9679449259020001,0.9553332820988433,0.9335519487589387,0.9213502201057739,0.9173813435139455,0.9140649900958439,0.8870427534437506,0.9111980282053534,0.9169431355755474,1.0362789108446282
20220701,0.9532369043057918,0.9658295174986388,0.9541375918631531,0.9340158916160816,0.9194280696925508,0.9156053769587615,0.9137080565410266,0.8840963315168403,0.9101476981887697,0.9151449345705223,1.0380919697352686
20220704,0.958342487367681,0.9724269181501045,0.9589472400716221,0.9411489763066353,0.9248117788428776,0.9267806743443825,0.9251469977174972,0.8931152528283157,0.9229042733521684,0.9253080816293457,1.0330344057383343
20220705,0.9461277121233813,0.9598130223846322,0.9514093801367687,0.9304172596942575,0.9156820860324201,0.9200105893770623,0.9201953931423338,0.8865118331561845,0.9210527668162207,0.9242710358777118,1.0218566762456687
20220706,0.942321138833479,0.9558229539807234,0.9455215430032182,0.9205488069255279,0.9045970696925508,0.9082674651940558,0.9078164977174972,0.8741832561070042,0.9072138321756978,0.9091177156162739,1.0332034232172043
20220707,0.9465498815044888,0.9652313188015703,0.9542467807882345,0.9320089991079383,0.9140294389735966,0.9173322952594153,0.9172640728808958,0.8829531347955288,0.9144383648554364,0.9137005816293458,1.0328492998751422
20220708,0.9517741160321761,0.9744616249904954,0.956574637465759,0.9352175951991435,0.9156973311304593,0.9161555501613761,0.9140652885671704,0.8788614495496272,0.9072518419796194,0.9083893234594111,1.0433847925727642
20220711,0.9433415753155637,0.9690849507233944,0.9505596407337329,0.9273837971535409,0.9091397984507207,0.9050371155208532,0.9026079486978894,0.864733892172578,0.8961107504763515,0.8928989999299993,1.0504425753855635
20220712,0.9193193147292446,0.9481339116354465,0.9343727938281954,0.9096282857528895,0.8941659459917043,0.8923843024060991,0.8890159486978894,0.8502571806971682,0.8867157308685083,0.8835950260737901,1.0357242886554534
20220713,0.9367725883448798,0.9659711982803976,0.9484757970855243,0.9236762629515866,0.9071563722212125,0.904213012932415,0.8956610042534449,0.8570310823365124,0.8916203419796194,0.8849771241130059,1.051795464231873
20220714,0.9490412658693097,0.9744714230360979,0.9533838785187491,0.9319423183261794,0.9098216640244912,0.91126035719471,0.900942955233837,0.8645660265988074,0.896961897535175,0.8884689705182346,1.0605722953510741
20220715,0.9330335427422739,0.9547822536549904,0.9308649827532768,0.9132211587170588,0.8905146345162944,0.8950462621127427,0.8841263604625952,0.8515449024158009,0.8830729367508613,0.874856006465947,1.058177536276326
20220718,0.9650366925794075,0.9875139474660652,0.959629240082267,0.9410844486193389,0.9175690607458026,0.9156657375225788,0.903575000985471,0.8699684579713565,0.8987474465547829,0.8866906110411104,1.0783460815382961
20220719,0.9794984873676811,1.0018067644595292,0.9729644127207036,0.9539213639287852,0.9276964935326878,0.9287782505944743,0.9139477918351443,0.8778273239844283,0.9024548615874626,0.8840988169234633,1.0953996704442168
20220720,0.9869035622862479,1.0108703886425356,0.9838496700496938,0.9658523052968634,0.9410133591064583,0.9408326133395724,0.9243448277828568,0.8895259383635132,0.9152718223717763,0.8905285260737901,1.0963750362124567
20220721,0.9833574743383652,1.0074896860281566,0.9831788589747752,0.9624055691405116,0.9376901591064584,0.9372175054964351,0.9217248931423339,0.883600013526912,0.9097732406724299,0.8783703724790188,1.1049871018593451
20220722,0.9819968847618179,1.005832313479137,0.9813530022972508,0.9607205919418145,0.9357719164835075,0.9306714891565658,0.9161421741880855,0.8763876377099186,0.9018509008031489,0.8745266665966659,1.1074702181651508
20220725,0.9723507935566061,0.997011721975869,0.9709195202125602,0.9524582368929545,0.9247818017294092,0.9231015120323828,0.9054080761488699,0.8655089360705743,0.8918082668162208,0.8676432286881691,1.1047075648684357
20220726,0.9839902430680068,1.0070109011289634,0.9822315430138632,0.9647488688147786,0.9367748638209125,0.9352837538624481,0.9175401578482163,0.8757752082017218,0.9019840707377894,0.8790298855509142,1.1049603575170912
20220727,0.9975192821559546,1.0228559695328723,0.9919520576718436,0.9763212922675474,0.9464443540169909,0.9444099177968743,0.9248371153645562,0.882518773561199,0.9044793844632796,0.8773666469888227,1.1201526351671305
20220728,1.0082864678237071,1.0333965037348267,1.000473223795622,0.9859336245151044,0.9539792853895399,0.9518871833706448,0.9302715369331837,0.8898395513389767,0.9104182766201423,0.8774674018907835,1.1308190659329223
20220729,1.0064073896478114,1.0295930281647943,0.9959675886164688,0.981437044710544,0.9482805048228072,0.9468460474172086,0.924528683289446,0.8818864173520486,0.9020650838096848,0.864038414962679,1.142368974685131
20220801,1.0118816567487885,1.0360282040605597,1.001831204251648,0.984585038195886,0.9534173169143105,0.9530437477429414,0.929101621299234,0.8928265040950928,0.9071577668162207,0.8712311985692364,1.140650458179551
20220802,0.9669257968139351,0.9916306894025793,0.9553759892679345,0.9442134486193389,0.9117178934615418,0.9154410571891956,0.893317943774804,0.8642185040950928,0.8803031132214495,0.8499663821757938,1.11695941463814
20220803,0.9666297056087234,0.9903718522690288,0.9513436342190746,0.9408602694662445,0.904485489552747,0.9091700539318666,0.8845644258594946,0.8574135400428052,0.8726830445939985,0.8417755690610397,1.1248541365476825
20220804,0.9863137121233814,1.0091486535719605,0.9689463443167945,0.9552353215835083,0.9168065221260369,0.9187638650067851,0.8926822629930451,0.8617604714153543,0.8784935380580507,0.8476261198807118,1.1386875922426685
20220805,0.996685142090808,1.0221540379367813,0.9796534257500192,0.968433406274062,0.930600473266102,0.9342856663097167,0.9113399274881591,0.8789622622650275,0.8957449661626259,0.8618650805364495,1.1348200615543576
20220808,1.0108534417650752,1.0387002008032309,0.9984517417109313,0.9837583834727591,0.9452391149599131,0.9462291549090652,0.9246785333513512,0.8872553995199295,0.9044865576658938,0.8652330543069413,1.1456203874581328
20220809,1.0124829336217527,1.041326109598019,0.9987668361734721,0.9846877906388829,0.946193121474571,0.9490923536061336,0.9257807874230124,0.8910047622650276,0.9064451589730833,0.8693145493889085,1.143168384232843
20220810,1.016471138833479,1.0480726959172373,1.0078359566946447,0.9890919079027265,0.9511196100739195,0.9520708194041793,0.9261683281396248,0.8908728766441125,0.9041486557051095,0.8593658182413675,1.1571053205921105
20220811,1.032389471081036,1.0611611682299409,1.0209917449682604,1.0030569274467005,0.9656122647970465,0.9665071363976433,0.9434413835142176,0.9055330367748314,0.9201847504763513,0.8782721756184166,1.1541172954626182
20220812,1.027775106260189,1.0565929076436216,1.0180126439910617,0.99957041278872,0.9639583494876003,0.9627337846061124,0.9400801131559114,0.8976788112846353,0.9185573191038022,0.8758742707003838,1.1519008355598042
20220815,1.0302419075631206,1.056277438588247,1.0229970609291725,1.0062148623001208,0.9699100628426491,0.965940572879728,0.9438043672275727,0.9032910473502092,0.9223458452475931,0.877010096929892,1.1532318106332275
20220816,1.0365465231982998,1.0677588457543707,1.031170240082267,1.0175005495965377,0.9784560172400433,0.9719511494269593,0.9520459502894619,0.9075345555469304,0.9241930217181813,0.8781806247987444,1.1583658983995542
20220817,1.040740405934456,1.0697108750703317,1.0333819176066972,1.021386764580251,0.9819007827123559,0.9737274393292394,0.9558553216249668,0.9111182375141436,0.9277866132214493,0.8850641198807115,1.1556762860537433
20220818,1.0467220150549772,1.07575875129183,1.036901031613212,1.025000774352238,0.9825911931358087,0.9734646412836369,0.9521642467064,0.9138313784977501,0.9231101001495539,0.8788564444708755,1.1678655705841006
20220819,1.0334115590289186,1.0635043245817324,1.022910376890085,1.0096531847756909,0.9710223136569813,0.961172940957904,0.9430981033839244,0.8989058014485698,0.91225509688158,0.8712145788971051,1.1621969801318124
20220822,1.0354695948595374,1.06619583111768,1.0287147449682608,1.0142448883587527,0.974360746881737,0.9684607487754935,0.9497533020809928,0.9083009260387337,0.9235161393652401,0.8816885493889084,1.153781045470628
20220823,1.0410560052829902,1.0716396971307518,1.0363188296588146,1.0183355267952348,0.9796243071423233,0.9705660647364055,0.9504400642959766,0.9095022014485697,0.9235837635482467,0.8794231362741542,1.161632869008835
20220824,1.0079300313416222,1.0382168899412094,1.0031530641865019,0.9821175333098927,0.9492106306717351,0.9373447813487834,0.920579608269918,0.8746814243993895,0.8961675838096845,0.8566865198807116,1.1512435114609094
20220825,0.999028076944228,1.0299033049738893,0.9978075202125605,0.9762001750037038,0.9446314934168331,0.9349497650621384,0.9226218558269212,0.8765028243993894,0.9008985674698152,0.8644829185735221,1.134545158370705
20220826,0.9934019629377133,1.0238107722941507,0.991670018583896,0.9710645430818797,0.9428184282702533,0.9302188497526922,0.9206329893774099,0.870098227678078,0.8980953844632793,0.8614038564820189,1.1319981064556934
20220829,1.0045522854132833,1.0325365703397533,0.9999140674438309,0.9790220577398602,0.9489872393451718,0.9381168399807053,0.9251627059897878,0.8757028812728492,0.9011238125678545,0.8601683760898621,1.1443839093234203
20220830,1.0030712104947166,1.0300355247371475,0.9946220511571859,0.9740211880330197,0.9430735976513608,0.9336943904693046,0.9198538102243154,0.8698358420571629,0.8969440740057629,0.8564856211879013,1.1465855893068142
20220831,0.9758236534914593,1.0021408863006656,0.9603755821018114,0.9437452596942575,0.9103088256643901,0.9063448595246791,0.8961635952406021,0.8421634074166401,0.8756453942672008,0.8477599218414961,1.1280637316499622
20220901,0.9713144710810359,0.999896068711089,0.9567659208640263,0.9382971424304138,0.9058427279445204,0.9017144729015144,0.8905184351098832,0.8379035642793852,0.8703139400188348,0.8422709316454177,1.129043539435617
20220902,0.990941757725987,1.0189239319032715,0.9751568068575117,0.9548575821698275,0.9231108940682988,0.9110841797419053,0.900687171266235,0.8463204825800388,0.8729286491691616,0.8396046015800582,1.1513371561459278
20220905,0.9908260313416222,1.0208290361377992,0.9772670094718908,0.9566256082284594,0.9251282165438689,0.9148121471686154,0.9032285979763327,0.8479597342140257,0.8759369432868086,0.8442797715146988,1.1465462598269225
20220906,0.9979999043057916,1.032469700632913,0.9910875682954202,0.9707828981307396,0.9411289624722077,0.9320177823477684,0.919242516543108,0.8658722244101041,0.893705070737789,0.8600067061552217,1.137993198150569
20220907,1.002842770755303,1.0361252185482226,0.9970432284261391,0.9742219144173846,0.942774170941263,0.9364810592207327,0.9232232070968539,0.8696575446715421,0.8974331426332138,0.8621791604035877,1.1406636103517145
20220908,0.9919589368790814,1.0227281534016428,0.983834346073198,0.965069425818036,0.9315902686611327,0.9281891080806675,0.9151538846212839,0.8619113910767708,0.8931057929600112,0.8584024643251563,1.1335564725539244
20220909,0.9893000183123062,1.0193746810889392,0.9809135879032633,0.9656636603457233,0.9300825976513607,0.9295159419568889,0.9199299921131405,0.8654431100310193,0.9005655772737368,0.8690014872009734,1.1202985311113323
20220913,0.9961476632634463,1.0282022315775385,0.9842308133934594,0.9673219567626614,0.9288422882051066,0.9266586390252928,0.9198792592141177,0.8637253624900356,0.8989702014567433,0.869098313998359,1.1270493492650866
20220914,0.9878860704295701,1.0193831240856819,0.9744448362692764,0.9573083118115213,0.9179371481399601,0.9157402742044458,0.9083009399958767,0.8537041919982323,0.889624936750861,0.8597176179199276,1.1281684525096418
20220915,0.9617360378562803,0.9952937853234669,0.9486037284261392,0.9337524621383188,0.8929058549803509,0.8918430885366934,0.8852113048167236,0.8279014477359372,0.8663788975351747,0.8440509381813656,1.117685099674914
20220916,0.9370039694523714,0.9716609025873105,0.9254451696026097,0.9099942431840704,0.8683312393451718,0.8711172872337618,0.8601414025365933,0.8032286862980287,0.8437102177966126,0.8193098205343068,1.1176941489180638
20220919,0.9200628131005799,0.9569865247371476,0.9130509865960738,0.8952532170402796,0.8552937963484291,0.8587559289275729,0.8473204515562012,0.7953213562326692,0.8344502177966125,0.8174056113839799,1.1026572017165992
20220920,0.9388371811787558,0.9754385182224896,0.9284620680292985,0.9121699752102143,0.870168815892403,0.8706678051490713,0.8572697848895345,0.8053357418535843,0.8434462472083772,0.8214043695539146,1.1174328116248404
20220921,0.9435997642406451,0.9790722283202095,0.933772260211709,0.9171706853079341,0.8764449559575496,0.8736163263217097,0.8608224450202535,0.806849996755545,0.8437506557051093,0.8173577976584898,1.1262419665821546
20220922,0.9369139238497656,0.9760905019358447,0.9302716836644778,0.9109078221157517,0.8731168614950089,0.8700180299047716,0.8585827031901881,0.8037622876052183,0.8429793779273316,0.8128262911225421,1.124087632727223
20220923,0.9118026144035115,0.9496875605677665,0.9076458400162692,0.8886814051776409,0.8536908484656929,0.8505904729015142,0.8396149646280966,0.7874779902195974,0.8304795870776583,0.8054706702075094,1.1063319441960016
20220926,0.8912742189786749,0.9296489709912192,0.885863266726367,0.8688945224414846,0.8333371644266049,0.8316025836507,0.8232579842359398,0.7749465196313621,0.8172076557051093,0.7982247388349604,1.093049480143714
20220927,0.9200946554607595,0.9575575428866441,0.9115531722638263,0.8958152423111914,0.8572135943940316,0.8569738898396251,0.8459988469810378,0.7954150359712313,0.8362177602802727,0.8128308891617577,1.1072637662990013
20220928,0.8947860919428442,0.9289847155250806,0.8811830875732725,0.8645998970343184,0.826389444556898,0.8299445250187781,0.818451683582345,0.7677709411999895,0.8111050511299459,0.7923503205343068,1.1024357714085369
20220929,0.8888695251675999,0.922452226925732,0.8775990940879305,0.8574566657639601,0.822059770289797,0.8262014305562374,0.8182237881575084,0.7680388300888783,0.8134284204109916,0.7926322159591433,1.096237309208456
20220930,0.8750025349395868,0.9108654028214975,0.8664182286709711,0.846538369347022,0.811612300159291,0.8145439908168237,0.8081207196681615,0.7547089019843032,0.8033675674698152,0.7844560852401891,1.0905464496993973
20221010,0.856392479564994,0.8932010217140056,0.8506698280195053,0.8304912909156494,0.792879048525304,0.7952335398364315,0.791902320975351,0.7366133693045647,0.7851446524371355,0.7670016800114309,1.0893907995535625
20221011,0.8620806033434956,0.9014311129192173,0.8612248703647821,0.8394067124842769,0.8011592544076569,0.7993515988528249,0.7968415366616255,0.7429951144026039,0.7908509792345211,0.7701578074624112,1.0919227958810838
20221012,0.8945495023662968,0.9336177741570023,0.8923883687361176,0.8690614935300285,0.8304594014664805,0.8277767660659396,0.8251647784916909,0.7697502647294013,0.814090413875044,0.7895287028872479,1.1050207994790484
20221013,0.9132459779363294,0.9480006047758949,0.9050416553810687,0.8796597451640155,0.8426370779370687,0.8377305824593823,0.8329713863348281,0.7743018464287478,0.817768116489423,0.786365676743457,1.1268803011928719
20221014,0.9375876782620624,0.9753019207368069,0.9261340951204824,0.8994611732685907,0.8662361302246504,0.8615709267216773,0.8579821445047627,0.7966455327032576,0.8423512374044557,0.8094852159591434,1.1281024623029186
20221017,0.9613787206073392,0.9971750184566766,0.9435257335569645,0.9144680131378717,0.8822883949305328,0.8746183839585194,0.8690421902563967,0.8057116774400996,0.8485043909992269,0.81217238262581,1.1492063379815287
20221018,0.9640094274477301,1.0008624516814322,0.9470921081497983,0.9172925196738194,0.8857842151919707,0.8770335977743089,0.8730555693413641,0.8091610129664154,0.8517919302149132,0.8118278009264637,1.152181626521266
20221019,0.9584143460145054,0.9952454907693801,0.940773212384326,0.9098926765365645,0.8779569929697485,0.8668813190857843,0.8626252458119523,0.7997037801795301,0.84147663936524,0.8004100166127381,1.1580043294017668
20221020,0.959276443734375,0.9945600836032563,0.9377593166188537,0.9072221830725122,0.873932506041644,0.8627687766021241,0.8584953536550896,0.7959105637860875,0.8380961230253707,0.7961508107303852,1.1631256330039894
20221021,0.9586335088809549,0.9946145754599338,0.938017215641655,0.9097583660790481,0.8741883328390296,0.8632072439223856,0.8602735497335209,0.7944865047696941,0.8389353517835406,0.7958348956977055,1.162798613183249
20221024,0.945285688619517,0.9822443930495104,0.9242813654787885,0.8950012713078063,0.8623773393749774,0.8515184498047386,0.8476326281648934,0.7844209801795301,0.8273236459011877,0.776730294390516,1.1685553942290008
20221025,0.9426785775084059,0.9822912594990217,0.9220119602500303,0.89161223209212,0.8608500321854349,0.8458280151642157,0.8430547948315601,0.7828178096877269,0.8224141753129524,0.7760515035408428,1.1666270739675628
20221026,0.9655594010378177,1.0067650314859924,0.9446093948905532,0.9122292876476756,0.8830769897017747,0.8706475331970026,0.8631552719557432,0.8018356785401859,0.8398736916528217,0.7865024707539576,1.1790569302838598
20221027,0.9634975551361783,1.0050830608019532,0.941647352406893,0.9092260164058455,0.8823113393749773,0.8696428217215928,0.8631215431975732,0.8010235769008416,0.8393085184502073,0.780599585508056,1.182897969628122
20221028,0.9233120895624078,0.9686440836032562,0.901579238027808,0.8723117713078063,0.8449453981985067,0.8336656942706124,0.8270776216289457,0.7641518490319891,0.8079439040711223,0.7566648861616507,1.166647203400757
20221031,0.9431126557308948,0.9876766112905526,0.9189456238722653,0.8837337778437541,0.8574752320171827,0.8445662988457758,0.8328438373152203,0.7687826625967592,0.807300387731253,0.7479203208021736,1.195192334928721
20221101,0.9733390113589535,1.0149977518134286,0.9445658006316761,0.9082505840834914,0.8843672991202923,0.8683801289111353,0.8589589373152202,0.7943906625967592,0.8345232308685079,0.7739063698217815,1.1994326415371719
20221102,0.98647018399739,1.0281428629245397,0.9596729121070859,0.9224668430998848,0.8999377468327107,0.8848039426366254,0.8715948980995339,0.8062241364529683,0.8470568321756974,0.7859528861616508,1.200517297835739
20221103,0.9898576400234486,1.029187284493167,0.9610678728913996,0.9241206588893585,0.9032898025704156,0.8888674655124424,0.8759094928707758,0.8101275743614651,0.8512001099534752,0.7821661149198208,1.2076915251036278
20221104,1.0049382133133509,1.0448846701140821,0.9766213859632951,0.9387433802008339,0.921872135903749,0.9078146321791091,0.89467362358973,0.8319173978908768,0.8754881524371353,0.8098537750505398,1.1950844382628112
20221107,1.0140554282970642,1.0556729413559123,0.9837844251789813,0.9457295342991946,0.9304442633547293,0.9134075374078673,0.8970114896028019,0.83222991749872,0.876293044593998,0.81073986001786,1.2033155682792043
20221108,1.0149907507726341,1.0568127518134287,0.9849665526299617,0.9463045605287028,0.9289711457076705,0.911960089695449,0.894531146465547,0.82795214625689,0.8747336883848477,0.8055818273381214,1.209408923434513
20221109,1.0160982980039044,1.0581077322055856,0.9870274970744062,0.9499502162664077,0.9304911097599581,0.9116351028102031,0.8960184079034554,0.8266243429782014,0.8721382439404032,0.7982211933511933,1.2178771046527113
20221110,1.013267477156999,1.0579128563885922,0.9855828042639486,0.9467653015123094,0.9271458802517614,0.904991968823275,0.8929307281648934,0.8167451134700047,0.863991861587462,0.7892551868152456,1.2240122903417534
20221111,1.012927770316608,1.0569428498526445,0.9852492846561055,0.9510889506926373,0.9308976769730728,0.911321900195824,0.8978786072498607,0.8245823062804621,0.8746338321756972,0.8097020560962914,1.2032257142203169
20221114,1.014937447841038,1.0573516929898994,0.9867151277933605,0.9521492872939445,0.9292989368414939,0.909913606078177,0.8986443784916908,0.8173886788294817,0.870802472698573,0.808409882893677,1.2065275649473612
20221115,1.0358417475153052,1.075549019787285,1.0085706261540162,0.9698996598429641,0.9487368151309675,0.930848720457262,0.9178615582302528,0.8412554729471288,0.8911028779273312,0.82698163125969,1.2088601162556152
20221116,1.0390222752026017,1.0730060361271543,1.0070153671376227,0.9680436206272779,0.9482739467099149,0.926353560326543,0.9124651072498606,0.8342488781758869,0.8836059661626253,0.8198026574034809,1.2192196177991208
20221117,1.0444309950723085,1.0792233498526445,1.011525131072049,0.9736790323919837,0.9513753710520202,0.931410877320007,0.9172582187252705,0.8367009468033378,0.8849122210645861,0.8181604547891018,1.2262705402832068
20221118,1.0367574217824063,1.0724353465846705,1.0056341540228686,0.9660268526534216,0.9447752300684137,0.9211991093461508,0.9122549049997802,0.8311085481105274,0.8805090013924549,0.8115604253773371,1.2251969964050693
20221121,1.040498112336152,1.0766275393951281,1.0116651966458194,0.9692517350063627,0.9492555907241514,0.9241907760128174,0.9156443886599109,0.8330941461497431,0.8806716538514713,0.8070668436779906,1.2334312686581617
20221122,1.026290135211969,1.0644007354735594,0.9972226966458194,0.9531817317383889,0.9335986792487416,0.9128467988886344,0.9038847121893226,0.8205827082412464,0.8705009227039303,0.8055369025015201,1.2207532327104493
20221123,1.0129236973034723,1.0533987093297685,0.9904559025281724,0.9456561761828334,0.9301554005602171,0.9110875374507259,0.8994042612089305,0.8212614468033379,0.8704451948350779,0.8073869711289711,1.2055367261745016
20221124,1.0197675800396286,1.0566595491990496,0.9944648927242509,0.9472263984050556,0.934274249740545,0.9134554001958239,0.9014642481370351,0.8220945186987627,0.8721352210645861,0.8053401247237423,1.2144274553158867
20221125,1.0073068503979348,1.0459136897219254,0.9847816410902639,0.9381017055945982,0.9252119153143155,0.9068841191500723,0.89638486251612,0.8137352572608542,0.8679449686055697,0.8065523502139383,1.2007545001839968
20221128,1.0018462901373484,1.0411286014866312,0.9816922195216364,0.93563802912401,0.9225742290398057,0.902196102810203,0.8924858298363815,0.8096405579144489,0.8645399751415174,0.7985879090374678,1.203258381099881
20221129,1.0220148503979347,1.0620249576957816,1.001927706449741,0.9574849114769511,0.9443663074711782,0.9219519459474579,0.9118592742808259,0.8259980579144489,0.8825366385402101,0.8187348436779907,1.2032800067199443
20221130,1.0198685963262735,1.0598932284692375,1.0007907901822568,0.9549725929932058,0.9410830787130083,0.9220466452938632,0.909926159901741,0.8235614696791548,0.8841987725271382,0.8199664286453109,1.1999021676809627
20221201,1.0305456093555894,1.0678220376046372,1.0082987983388636,0.9637902379443458,0.9495178787130083,0.9339585668624906,0.9201251157118883,0.8319130441472399,0.8908406516121055,0.8268927783185135,1.203652831037076
20221202,1.0435398275966317,1.0798902884189694,1.0164095898698082,0.9717424301267562,0.954305999628041,0.9386284459474579,0.921502393489666,0.8316445212714229,0.8890324286612857,0.8193975103446572,1.2241423172519745
20221205,1.0510103194533091,1.088571698842422,1.024401335798147,0.9797920783352253,0.9628379734842502,0.947718191045497,0.9329234295552398,0.8409063448008346,0.8974569237432529,0.8356600728446573,1.215350246608652
20221206,1.0430032901373483,1.080616021317992,1.017835671303033,0.9743970653059093,0.9597275159679103,0.9409913936598762,0.928649124637207,0.8409559820557365,0.8982631663662037,0.837975763634131,1.2050275265032175
20221207,1.045896387857218,1.083346412197471,1.019188023094564,0.9757049969020005,0.9623580421117012,0.9408052564049743,0.9272696131617971,0.8393325081995273,0.8968312647268595,0.833943461002552,1.2119529268546663
20221208,1.0429368471406057,1.0765582232723896,1.0140319058307203,0.9699536157945087,0.9585335584515704,0.9354428465689086,0.9215067902109775,0.8336776487224031,0.8939488319399742,0.8335381320551836,1.2093987150854224
20221209,1.0415768178246447,1.0750168877675037,1.0114131761890266,0.967286132134378,0.9564405061639887,0.9351719711590726,0.9243238098188206,0.8365178153890698,0.8958616122678431,0.8380241090288678,1.2035527087957774
20221212,1.043809430202495,1.0754250213179923,1.0077865312378866,0.9672053145448014,0.9517542806737926,0.931011885913171,0.9190636137403891,0.8316283676766515,0.8881022570046853,0.8295116270616547,1.2142978031408407
20221213,1.0413839611471203,1.0720182363017057,1.0022089579479843,0.962705783600176,0.9475969375365377,0.9261358498475972,0.9152372150475787,0.8238570245393966,0.8848149839783694,0.8255508827993596,1.215833078347761
20221214,1.0384052640787165,1.069231096236559,0.9968167722802318,0.959853764056202,0.9438183983208515,0.9252422018212815,0.9120167673351605,0.8208984493759979,0.8814141385836326,0.8253449516518186,1.2130603124268982
20221215,1.045146391114547,1.077056763989002,1.0030445116939126,0.9624965881604366,0.9489731728306554,0.9282294189265446,0.9139249340018272,0.8245577238858018,0.8816177964783695,0.8237042270616547,1.2214421640528927
20221216,1.0288575735249705,1.063338806334279,0.9895261533877237,0.9547645327858437,0.9399121728306554,0.9195344682686499,0.909385666027971,0.8162658023171744,0.8771580391013203,0.8225932106682121,1.2062643628567589
20221219,1.0046243382308528,1.0398726727837904,0.9664395279805575,0.9297508072956476,0.9168221695626816,0.8977667851003331,0.88839582615869,0.7943519624478933,0.8587368423800088,0.8031024172255892,1.2015219210052641
20221220,1.0019346192766045,1.0373092037284157,0.9653208374268116,0.9248198497793078,0.9104151793666032,0.8920665573775609,0.8793788392305854,0.7866529820557364,0.8487172948390252,0.7920357211471578,1.2098988981294472
20221221,0.9930534428060163,1.0273572493310217,0.9560712706515673,0.9182647157923797,0.9047439669483025,0.8869006997616669,0.8740137052436573,0.7776526879380894,0.8429869899209924,0.7889823473766661,1.2040710954293508
20221222,0.977155836942824,1.0121175262039859,0.9410184042020558,0.9033972484721182,0.8911701107391522,0.8705205981223226,0.8596661398841802,0.7652779591799195,0.8332772194291891,0.7838520173113066,1.193303819631518
20221223,0.9793219183760488,1.0114882037284159,0.940941029609222,0.9022163203675431,0.8888213035496098,0.8646914768108472,0.8576347215835266,0.7613955081995273,0.8295187013964022,0.7798420369191498,1.1994798814568997
20221226,0.996565507952596,1.0283575815785788,0.9593436647883751,0.918417388994994,0.9045044310005902,0.8818087948436342,0.8731840385769907,0.7762938229536256,0.8434995276259104,0.7909345009714374,1.2056310069811593
20221227,0.9994071301024332,1.02968286822353,0.9632409090880494,0.92235934324336,0.9082773623731392,0.8883557095977326,0.8798418130867945,0.7857554602085276,0.8513715177898449,0.8028839388799341,1.1965231912224996
20221228,0.9861670063239316,1.0146169594287417,0.9524891934017748,0.9115846252105732,0.8982435951600244,0.8779440210731424,0.8718935222371214,0.7772922870059132,0.848115006314435,0.798662465023725,1.1875045413002072
20221229,0.9797760714705114,1.011476226529719,0.9467590272779963,0.9088525108314882,0.8929259971208087,0.8739381981223228,0.8688191333482325,0.7756946758948021,0.8465364554947629,0.796532190513921,1.1832438809565908
20221230,0.9875287907866852,1.0216116076372108,0.9546106754864654,0.9167140688566526,0.8988129971208086,0.8798923121906823,0.8741469862894089,0.778299968469537,0.8469667444479397,0.7993588996642478,1.1881698911224379
20230103,1.0172314810521719,1.0487548424345081,0.9797805739636227,0.9400920173102609,0.9237807229828776,0.9022082896212379,0.8938848864586136,0.7965322065647751,0.8610698408946402,0.8072777844100105,1.2099536966421618
20230104,1.022967021052172,1.0571544491011748,0.9846808106302893,0.9454916806435942,0.9287065396495443,0.9043191123637128,0.8947315653883795,0.7969485911801597,0.8588213793561786,0.8066592559819169,1.2163077650702554
20230105,1.0323953677188387,1.0630097157678415,0.990485877296956,0.9506560206435942,0.931715646316211,0.9112567611931442,0.9040748931475768,0.8076370058958787,0.8698692020986536,0.8207612292260641,1.211634138492775
20230106,1.0342601343855053,1.0619710991011748,0.9894046539636226,0.9484023339769275,0.928638296316211,0.9093081759088633,0.9047409834485802,0.8098811630865141,0.871432469657182,0.8228964733732212,1.2113636610122844
20230109,1.043392691052172,1.0681586157678415,0.9952542839636227,0.9520217739769276,0.9324260488245721,0.9145004902901341,0.9102504282646338,0.8149497234891987,0.877380546580259,0.8294175870855959,1.2139751039665765
20230110,1.043404691052172,1.0652723124345083,0.993674937296956,0.9502696473102609,0.9321807946439701,0.913811533768395,0.9112549934820251,0.8134635489925544,0.8786511586203928,0.8296082526374353,1.213796438414737
20230111,1.0335942477188387,1.0568134224345083,0.9864739139636227,0.9418049773102609,0.9242336240754082,0.9071061424640472,0.9054764382980786,0.8062824718113463,0.872455182031764,0.8269138278882714,1.2066804198305676
20230112,1.0372522343855053,1.0587329324345083,0.987720367296956,0.9419221673102609,0.9240177415250727,0.9075990187182278,0.9050827192345334,0.8050138623837368,0.8715840649749078,0.8282886840755623,1.2089635503099434
20230113,1.0379444943855052,1.0616015457678416,0.9894511806302894,0.9462856006435942,0.9277152281022538,0.9152639484841141,0.910571120572326,0.8121945335246764,0.8785548944063459,0.8385042191926192,1.1994402751928865
20230116,1.048686074385505,1.0718352924345083,0.9995465239636226,0.9572606873102609,0.9385642715805147,0.9267480320961542,0.9209416423114565,0.8241998512504289,0.8897049880518308,0.8513887074869336,1.1972973668985722
20230117,1.0456915510521718,1.0704661491011749,0.996739097296956,0.9547357106435943,0.9360589672326887,0.9266065137015054,0.9234355419770083,0.8272167877052784,0.8906066435702255,0.8521998379217163,1.1934917131304563
20230118,1.0487739189451484,1.0764284491011749,1.001781747296956,0.9593238539769277,0.9389679170654646,0.9284643498219067,0.9253679667261722,0.8298368512504289,0.8939139746739044,0.8515402626708801,1.197233656274269
20230119,1.0535374774735764,1.0815569324345082,1.0083880239636225,0.9642328271312901,0.9458742481691435,0.9363207210593649,0.9340275118766739,0.8388260987420677,0.9014440047742389,0.8594062426039905,1.1941312348695867
20230120,1.0605162734601985,1.0895273057678416,1.018149590630289,0.972305850621223,0.9569069839550967,0.9448260956413047,0.9428062543515903,0.8470254398791914,0.9095859579514964,0.8671363128381042,1.1933799606220952
20230130,1.0802565209518373,1.107316369101175,1.036163490630289,0.9876512264601491,0.9716322481691435,0.953556262865385,0.9509271038499181,0.8538740652972516,0.9128823793561787,0.8695640385906126,1.2106924823612255
20230131,1.085208905567222,1.112068089101175,1.0416410870628419,0.9926300899948247,0.9742810686819641,0.9572953264105355,0.9536726055221589,0.8563827475714991,0.9120689111287539,0.8637844098280708,1.221424495739152
20230201,1.1031022689005554,1.1322342124345082,1.062996037062842,1.0092049130332221,0.9908741422605594,0.9740093766617918,0.9672844162424269,0.8701476773373854,0.9250690920332765,0.8749883997609567,1.2281138691395994
20230202,1.1101296334490505,1.1378816257678415,1.0634636003961753,1.0112525196998887,0.9924581221936697,0.9751960455581128,0.9708578042022931,0.8733804733240075,0.9251688311637113,0.8736020440562586,1.2365275893927923
20230203,1.1112167103721273,1.139354922434508,1.0644423737295086,1.0114845296998887,0.9933605068090543,0.9737464669627951,0.9689350048711893,0.8684870887086229,0.9210705234714036,0.8659293393582721,1.245287371013856
20230206,1.1127630046865087,1.1421175924345082,1.0660378137295086,1.0108361796998886,0.9909020519595559,0.9694799987353704,0.9653830316270422,0.863242807772168,0.9129659850098651,0.8550236749287419,1.2577393297577673
20230207,1.1227258313531754,1.150844122434508,1.0771511237295086,1.0202622363665552,0.99779756032076,0.9741421224811898,0.9700409680818917,0.8701906037587901,0.9147890151101996,0.8564994702307553,1.2662263611224205
20230208,1.1211255113531753,1.146389502434508,1.0733748570628419,1.0126940296998885,0.9916344700197566,0.9674826224811898,0.962203804202293,0.8618450652972516,0.908352166116911,0.8525754970763929,1.268550014276783
20230209,1.135532298019842,1.1615502291011748,1.0857065437295086,1.0268281096998886,1.006021771023101,0.9818802164409213,0.9813336737675104,0.876970155598255,0.9223748439692601,0.8648493259354533,1.2706829720843893
20230210,1.135008698019842,1.159377912434508,1.0823037237295086,1.0253450663665553,1.0041227609896561,0.9792372097295119,0.9803913593862394,0.8758947308490911,0.9172981090699313,0.8598025037878023,1.2752061942320403
20230213,1.148272758019842,1.1686831891011746,1.0902461437295086,1.034994043033222,1.0142587743675826,0.9907073473134045,0.9916956938343999,0.8867937475714991,0.9263344849088574,0.8663223594925004,1.2819503985273424
20230214,1.1508275613531753,1.1681977191011745,1.0916426903961753,1.0352011996998887,1.0160615235314623,0.9940846124140756,0.992566285807644,0.889729459946081,0.9282308506806695,0.8683732655327688,1.2824542958204073
20230215,1.1554001013531754,1.176048362434508,1.0940849237295087,1.0380112996998887,1.0179046673441714,0.9959440486556864,0.9948162557073096,0.8890098713173185,0.9235968037008037,0.8640983123555113,1.2913017889976648
20230216,1.1276539013531754,1.1528881424345079,1.0684737837295086,1.014724353033222,0.9955146405883185,0.9768663262476597,0.9747463493527946,0.8705505234912315,0.9093046292041593,0.8529875130244076,1.2746663883287686
20230217,1.1260890646865087,1.1473133357678411,1.0630128637295087,1.0105275396998885,0.99126228941775,0.9698175570168904,0.9656830416604869,0.8628522726551111,0.9012749569633567,0.842370322388956,1.2837187422975533
20230220,1.1375135630142679,1.1596964891011745,1.0762328337295086,1.0236898030332218,1.0045100452705928,0.9831965202275927,0.9815013827976107,0.8780042492437399,0.918776886729243,0.8647023625227352,1.2728112004915333
20230221,1.1397902185326625,1.1641164824345078,1.082070127062842,1.0303097863665551,1.0110345201869808,0.9871745570168904,0.9854453761086475,0.8856946940597934,0.9238088633178717,0.870004880917384,1.269785337615279
20230222,1.1432737770610906,1.1662822991011745,1.0819823837295086,1.0303505830332218,1.0123487810565461,0.9879717777526763,0.9875660583828949,0.8857268780062817,0.9231517830503132,0.8640311785762469,1.2792425984848441
20230223,1.1415243690343346,1.1614991991011745,1.0796776603961753,1.0244030730332219,1.0081116874110612,0.9840291724015058,0.9848490784497845,0.8826242358658135,0.9226436894048282,0.863021466201665,1.2785029028326702
20230224,1.137635188432328,1.1597332091011745,1.0777874937295087,1.0217542330332219,1.006547426541496,0.9833796272510041,0.9831106570451023,0.8770471254979205,0.9197885723479721,0.8552288106832703,1.2824063777490582
20230227,1.127534144954067,1.1500267557678412,1.069174667062842,1.011348823033222,0.9992964733642384,0.9762359449767567,0.975222794168848,0.8705125168022684,0.915337030541952,0.8514407304157118,1.2760934145383558
20230228,1.1354949833041228,1.1608594824345078,1.0772580503961753,1.021835503033222,1.00886242096736,0.9859303329366229,0.9852703972903643,0.8775602670809752,0.9222606894048283,0.8580497304157118,1.2774452528884115
20230301,1.1431537979952746,1.172075555767841,1.0872068667567762,1.0299969454372286,1.0184195962595135,0.9928246596032896,0.9928428972903642,0.8850296870809752,0.9274119255857328,0.8687692554993238,1.2743845424959515
20230302,1.1372994246619412,1.1691848057678411,1.0827365467567762,1.027503178770562,1.0132118862595134,0.9889768896032896,0.9892226706236976,0.8823766270809752,0.9252098386292111,0.8666966902819325,1.2706027343800095
20230303,1.134833901328608,1.1679176524345078,1.0821577267567761,1.026366708770562,1.0128364062595134,0.9896903829366229,0.9891856672903643,0.8835577937476419,0.9257772901342278,0.8718329310846081,1.2630009702440006
20230306,1.1357895579952746,1.1679789691011746,1.0828534300901094,1.0266732739879532,1.0155429795928468,0.9929887562699563,0.9920077906236976,0.8848372270809752,0.9291146881275388,0.868818974562869,1.2669705834324063
20230307,1.1113236713286079,1.1426890757678412,1.0589159834234427,1.0027885917137056,0.9956610662595134,0.9738591162699564,0.9749044072903643,0.8651696404143085,0.9120964607027897,0.8548415498137052,1.2564821215149036
20230308,1.1216143679952746,1.155107095767841,1.0695868534234427,1.0098741736535048,1.003294809592847,0.9797754796032897,0.978854153957031,0.8700501437476419,0.9128658219068031,0.8531620481414643,1.2684523198538111
20230309,1.1292654246619414,1.1599585591011745,1.0705232200901094,1.0096454913792574,1.0012810095928468,0.978437412936623,0.978918043957031,0.8684323104143086,0.909104932274696,0.8510029110177185,1.2782625136442236
20230310,1.1154880579952746,1.1460940491011744,1.0557371700901093,0.9957275549244079,0.9867778295928469,0.9644109996032897,0.9650902272903643,0.8548213070809753,0.8960489657195121,0.8357350815862804,1.279752976408995
20230313,1.115136731328608,1.1478051824345077,1.0574487800901093,0.9982773482577413,0.9908975995928468,0.969598422936623,0.969432683957031,0.862969403747642,0.9010179958198465,0.8475034829240731,1.2676332484045356
20230314,1.1012604746619414,1.1338853357678411,1.044007416756776,0.9872652915910746,0.9792280762595135,0.960015232936623,0.9612877372903643,0.8531350970809753,0.8936868921409168,0.8399166668705613,1.2613438077913806
20230315,1.1109748079952748,1.1449148491011745,1.0540665534234428,0.9958511249244079,0.9878296795928468,0.970960652936623,0.9691739072903643,0.859044453747642,0.8976914439803817,0.8426412220545079,1.2683335859407674
20230316,1.0927797713286083,1.1289075224345078,1.0362863600901095,0.9785342415910745,0.9695359229261802,0.9557327496032897,0.9555438806236977,0.8432280870809754,0.8827814205690104,0.8285662922886216,1.264213479039987
20230317,1.1004767146619416,1.1378654124345078,1.0460026300901095,0.9868746815910745,0.9802498295928469,0.9635867730146609,0.9634791372903644,0.851387543747642,0.8877017182278734,0.8328834126899594,1.2675933019719825
20230320,1.098183247995275,1.136971164942869,1.0443856600901096,0.9835526015910745,0.9770076562595136,0.9609726760246944,0.960391073957031,0.8484535770809754,0.8854402667228566,0.8277024060009961,1.270480841994279
20230321,1.1178467613286083,1.1536514659462136,1.0597451600901096,0.9999558582577411,0.9927572129261802,0.9718741643190087,0.9718589406236977,0.8607797137476421,0.897297076087405,0.8374743257334376,1.2803724355951709
20230322,1.1253149646619416,1.164081633170294,1.0668697800901095,1.0074706082577412,0.9981959162595135,0.9752406593022863,0.974491153957031,0.8660622270809754,0.9005384205690105,0.8400072387769159,1.285307725885026
20230323,1.1246240113286083,1.1643732819997252,1.066704346756776,1.0066252815910746,0.9984488529261802,0.9760774385665003,0.9772190372903643,0.8710273770809753,0.9062136145489436,0.8497231116866149,1.2749008996419937
20230324,1.1280959846619416,1.1684047636050765,1.0692901134234427,1.009546084924408,1.0018998462595137,0.9738083285665003,0.974753793957031,0.870946453747642,0.9063044540138265,0.845921339111364,1.2821746455505778
20230327,1.1276262613286083,1.1686154726351767,1.0710772400901094,1.010043174924408,1.002930219592847,0.9742914085665003,0.9747447306236977,0.8720042570809754,0.9067360627094787,0.8425459009842737,1.2850803603443348
20230328,1.1157212913286083,1.156710064608421,1.0598361500901095,1.0012117782577414,0.9926517529261802,0.9674686618998336,0.9689236372903643,0.8678956770809754,0.9017150693984419,0.8401892789106952,1.2755320124179135
20230329,1.1154568546619417,1.1517251379417544,1.054938106756776,0.9993481549244081,0.9867398862595136,0.9625514085665002,0.9655856272903643,0.8664378137476421,0.8980981496660004,0.8403981183755781,1.275058736286364
20230330,1.1089412446619418,1.146573434608421,1.050626826756776,0.9946213415910747,0.9827661462595136,0.9612093718998336,0.9662413006236977,0.8692761504143087,0.9026075275924218,0.8488618073387888,1.2600794373231532
20230331,1.1173975913286085,1.1566922312750878,1.062391246756776,1.0046774482577414,0.991663369592847,0.9719434652331669,0.9755338906236978,0.8782634104143088,0.9094028341699023,0.8508719366587442,1.2665256546698644
20230403,1.1227076998427987,1.1656280579417544,1.0729309434234426,1.015624694924408,1.0049324764375882,0.9821225385665002,0.9857928237340656,0.8890415137476421,0.9205995575032356,0.8633705299920775,1.2593371698507214
20230404,1.1078946765094655,1.1539580179417543,1.0600823734234426,1.0073601949244082,0.9979531464375883,0.9793320018998336,0.9841228973126609,0.8854655004143087,0.9234013141699023,0.8672817866587442,1.2406128898507214
20230406,1.1110071831761321,1.154065054608421,1.0590999467567759,1.0071440849244082,0.994566963104255,0.9802218918998336,0.9884900009915907,0.8885712804143087,0.9246732175032357,0.8698385799920776,1.2411686031840548
20230407,1.1209844165094653,1.1650415579417543,1.069946096756776,1.0175876382577416,1.0040834997709216,0.9886117418998336,0.9983603822624937,0.8963062004143086,0.9314395375032357,0.8755969499920776,1.245387466517388
20230410,1.1079582198427986,1.1519135012750876,1.0560150064557727,1.0061280682577416,0.9936894397709216,0.9795714385665002,0.9902878605233633,0.8901034670809753,0.9250302741699024,0.8685631666587442,1.2393950531840547
20230411,1.1055244931761319,1.1552849712750877,1.056629344248415,1.0081153282577415,0.9963499097709216,0.9817990418998336,0.9949764993193498,0.894500083747642,0.9280175375032357,0.8683194966587442,1.2372049965173881
20230412,1.1150683398427985,1.166893084608421,1.0684396017734985,1.0150287682577415,1.003764223104255,0.9879079818998335,0.9999500946370756,0.896287093747642,0.9298825941699024,0.8714133933254109,1.243654946517388
20230413,1.109324423176132,1.160656574608421,1.0618725449173112,1.0102877515910749,0.9990752497709217,0.9842957618998335,0.9945486832658381,0.8890392470809754,0.924073360836569,0.8629110399920775,1.2464133831840547
20230414,1.1115690498427986,1.1652375779417543,1.066346919499251,1.012366624924408,1.0027211397709217,0.9854308952331668,1.0010927334330622,0.8946790470809753,0.9297560675032357,0.8693997799920775,1.2421692698507214
20230417,1.1137113398427987,1.1619277612750876,1.0641791603019266,1.0117997582577414,1.0020837264375884,0.9866071985665001,1.0032779407909216,0.8960924504143086,0.9346281678376839,0.8806390766587442,1.2330722631840547
20230418,1.1052129765094654,1.1557689279417542,1.0565948827099534,1.0057954615910747,0.9984793264375884,0.9821943018998335,1.0005923907909215,0.8953860570809753,0.9331810078376839,0.8827944933254108,1.2224184831840548
20230419,1.1014052065094653,1.1512873012750875,1.053559427860455,1.002945064924408,0.9946342797709218,0.9764921118998334,0.9963954141242549,0.8910249970809753,0.9264647311710172,0.8742842666587441,1.2271209398507215
20230420,1.0897586498427987,1.147116827941754,1.0482432472584482,0.999344204924408,0.9909649897709217,0.9747084252331668,0.9935655207909215,0.8890619970809752,0.9245083245043506,0.8745575633254108,1.2152010865173881
20230421,1.0672307565094654,1.1186388513531254,1.0192265817066086,0.972023514924408,0.963412783104255,0.9484519018998335,0.9690307474575882,0.8645041204143086,0.901696137837684,0.8520744033254108,1.2151563531840548
20230424,1.0643732898427987,1.1162720419885768,1.0172383517066086,0.9681560515910747,0.9613562697709217,0.9423122818998335,0.9605929841242549,0.8577501170809753,0.8924038911710174,0.8414424299920775,1.2229308598507214
20230425,1.037144333176132,1.0900553429919213,0.9932228383732753,0.9421384815910746,0.9408425564375884,0.9278011618998335,0.9439602941242549,0.8399168504143086,0.8803930578376841,0.8327933133254108,1.2043510198507215
20230426,1.0560503666209482,1.1042429684099815,1.0058615883732753,0.9507092782577413,0.9500679264375884,0.9361759618998335,0.9485993841242548,0.8471377668022685,0.885035617837684,0.8312938666587442,1.2247564999622043
20230427,1.0546770932876148,1.1027392292795466,1.0034546183732753,0.9513574789266377,0.947144573104255,0.9390416185665003,0.9544180774575881,0.8492614390430712,0.8885335445043507,0.8357692766587441,1.218907816628871
20230428,1.0706214132876148,1.1229283590334616,1.0242463283732752,0.9691346595286444,0.9668558897709217,0.9526778918998335,0.9673548344252582,0.8605764579951336,0.8990014278376841,0.8476487199920775,1.2229726932955376
20230504,1.073676722012447,1.1270594398415423,1.0288860541257836,0.9741390018105236,0.9735988897709218,0.9587027413981613,0.9694937203312984,0.8687291870921235,0.9024259428878514,0.8495195092897363,1.224157212722711
20230505,1.0606992886791138,1.1173538298415424,1.0213647907924503,0.9663744618105236,0.9656525185334636,0.9495122497593652,0.9612650928145199,0.859320167025234,0.8922009529212962,0.8434476129686661,1.217251675710448
20230508,1.062268122012447,1.1224891165082092,1.0255609007924504,0.9746964151438569,0.9728954148545338,0.9597800758463217,0.9709204753648555,0.8666898158546654,0.8998118793427009,0.8550742551091344,1.207193866903313
20230509,1.045442232012447,1.1050861298415424,1.0085510274591172,0.9604786484771902,0.9595059934498515,0.9455995273513385,0.9610801465057951,0.8543438827442975,0.8891340900450421,0.8462463487546193,1.1991958832578282
20230510,1.0571442386791137,1.1134654331748757,1.016980114125784,0.9648356651438569,0.9646922676973432,0.9489753969165559,0.9637610223447213,0.8565526310664452,0.8891047622858448,0.8371898270154889,1.2199544116636254
20230511,1.0639777186791137,1.120719826508209,1.0229484207924506,0.9688439884771902,0.9685454917776107,0.9487356678195659,0.962602059257473,0.8551007585832238,0.8881921402122662,0.8337016296910742,1.2302760889880402
20230512,1.0548808886791137,1.110523066508209,1.0113648474591173,0.9562137251438569,0.9572521573294502,0.9380579989232448,0.9490801968413656,0.8439755438181231,0.8774283676370154,0.8196881815305391,1.2351927071485753
20230515,1.068243232012447,1.1205473465082092,1.0197091374591172,0.9640248918105236,0.9626341205401526,0.9452460357125425,0.9566434418078086,0.8530991981805393,0.8885212372022327,0.8333330711626461,1.2349101608498017
20230516,1.066971582012447,1.1143435265082091,1.0120663774591172,0.9544763084771903,0.9493280804063734,0.9379309153112048,0.946842525700426,0.8415370605966467,0.8811663977373498,0.8278248002596361,1.2391467817528117
20230517,1.0808583886791137,1.1280464198415425,1.024370337459117,0.9661827318105237,0.9564850369281125,0.9427435373847833,0.9517634216735804,0.843446456569801,0.8826742873694569,0.8256461046074622,1.2552122840716522
20230518,1.0857895686791137,1.132365453174876,1.0297134574591171,0.9706274684771904,0.9639479466271091,0.9436728183212382,0.9521915888976606,0.8478863424758413,0.8834024077707946,0.827833064473683,1.2579565042054315
20230519,1.0901241286791137,1.1335980765082092,1.0333942807924505,0.9721921718105238,0.9612798897709218,0.9452524571172248,0.953820458462878,0.8496836277107406,0.8819810532557444,0.8262861213298702,1.2638380073492441
20230522,1.104238992012447,1.138564893174876,1.0367742874591173,0.9751995051438571,0.9611606054899854,0.9465331193245827,0.9542871541150519,0.8526605136167809,0.8826390164664467,0.8296743253432481,1.2745646666691994
20230523,1.0962915686791135,1.1302191665082093,1.027706904125784,0.9645527618105237,0.9504611707073767,0.9371579755118737,0.9438001072923095,0.8399054431469822,0.8731845883728012,0.816132258453616,1.2801593102254982
20230524,1.0976146253457801,1.130811753174876,1.0266242207924507,0.9635537251438571,0.9474839666939987,0.9331927280202349,0.9407905420749182,0.8352301521770825,0.8660859696437042,0.8039413755104722,1.2936732498353087
20230525,1.09894563534578,1.131321533174876,1.0266530007924508,0.9635156818105237,0.9427257727140655,0.9320996477526764,0.9382232711719082,0.8314839347857782,0.8641526017507276,0.8032113153098033,1.2957343200359777
20230526,1.1014005186791134,1.1366016298415427,1.034829820792451,0.9692156018105237,0.9480055143248038,0.9378864504282617,0.9439252143157209,0.8407521421436377,0.8704271435567477,0.8072859507613083,1.2941145679178059
20230529,1.0933406386791134,1.1297748198415427,1.031524070792451,0.9656149484771903,0.9453035076133944,0.9377603032710711,0.9419860537806038,0.8379346270934704,0.870789758941363,0.8052497868817096,1.2880908517974046
20230530,1.0965004286791133,1.1353860598415426,1.038600000792451,0.9716803184771903,0.9498575713717837,0.9407567581205694,0.9456079166568581,0.8437251588660457,0.8743866251620988,0.8085984791894019,1.2879019494897122
20230531,1.09171479534578,1.1335366298415426,1.0354103241257844,0.970574985143857,0.9491157995597032,0.9381187993691759,0.9417903703915292,0.8422517062462018,0.8724190499112626,0.8031271748415758,1.2885876205042048
20230601,1.096634220094944,1.1360875431748758,1.0397656274591176,0.973571741404291,0.9545494862263698,0.9427674893691759,0.9453288603915292,0.8433327430354994,0.8732204679714632,0.802918275176024,1.2937159449189206
20230602,1.1083070967616107,1.1453058298415424,1.0466563907924509,0.9819086480709577,0.9624988928930365,0.9501077727025092,0.9550737103915292,0.8533314597021661,0.8821228626202927,0.8128447601258567,1.2954623366357545
20230605,1.1104003567616108,1.1479059631748758,1.0494162074591176,0.9841699080709577,0.9638455128930364,0.9521956260358425,0.9557180370581959,0.8540190197021661,0.8813237689748078,0.8101364959118099,1.3002638608498014
20230606,1.088203380094944,1.1257407798415424,1.0265451841257842,0.9632143847376244,0.9428806995597031,0.9294447527025091,0.9378177070581959,0.8329162030354994,0.8650301502457108,0.7967890845405725,1.2914142955543721
20230607,1.0907370734282773,1.128245046508209,1.0313548974591176,0.964680465005183,0.9483522562263698,0.9329136660358425,0.9409007803915292,0.833685929702166,0.8650786887072494,0.7931958403934153,1.2975412330348626
20230608,1.0844424667616106,1.1234437889831255,1.0254022841257842,0.9595641640018385,0.9455505295597031,0.9271846160358425,0.9353415970581959,0.8301157097021661,0.8639854846938714,0.7972695995907397,1.2871728671708715
20230609,1.0860173067616106,1.128895742160383,1.0290498641257841,0.9668054048045142,0.9527267395597031,0.9346444293691758,0.9400625237248625,0.8368890530354994,0.8718783977373497,0.8056120912295357,1.2804052155320755
20230612,1.0996812934282771,1.14195517359851,1.0382366007924508,0.9733333145035108,0.957002291399168,0.9402255227025091,0.9458211970581959,0.8426676397021661,0.8751192673025671,0.80759449591181,1.292086797516468
20230613,1.1065608800949438,1.144967233799179,1.0420340407924509,0.978141846276086,0.959254672670071,0.9439988293691758,0.9495770403915292,0.8441294897021661,0.8777807756637711,0.8131854925673284,1.2933753875276164
20230614,1.1057964185564824,1.143545615070082,1.0443114274591176,0.9788497726974907,0.959211130864051,0.9435495827025091,0.9518320903915293,0.8473326630354994,0.8792346050952092,0.814510843737897,1.2912855748185863
20230615,1.1117597797604957,1.1489408491837945,1.048077750792451,0.984119081422323,0.9653424118005058,0.9504441027025091,0.9609939370581959,0.8559673963688327,0.8892546218176173,0.8271193955773618,1.2846403841831349
20230616,1.1166542279210308,1.1568951869764366,1.0542446274591177,0.9928889309206507,0.9747054519342851,0.9583848293691758,0.9694671037248626,0.8625738378404045,0.8961055582724667,0.8366431112964253,1.2800111166246064
20230619,1.117103411867519,1.156247919417908,1.0515692307924511,0.9959709242316874,0.9742467796934825,0.9599817992688413,0.9708861403915292,0.860632105398933,0.8933425783393564,0.835159164808131,1.2819442470593891
20230620,1.1136905122019671,1.152479039819246,1.0473780741257845,0.9910876700510854,0.9688209770178973,0.9592455484327209,0.9682396670581959,0.8596223963688326,0.891492742218955,0.8344626497579638,1.2792278624440045
20230621,1.1051679938073182,1.1414170731525792,1.0342886041257846,0.9772919200510854,0.9551312913991682,0.942210344419343,0.9483661237248625,0.8413317943621437,0.8732483810149416,0.8152724490890675,1.289895544718252
20230626,1.0879266928039737,1.1225488664859125,1.0143027807924512,0.9576962533844188,0.9387681308640511,0.926244361141751,0.9290385103915292,0.8264591187768594,0.8572035482390219,0.7998940444067932,1.2880326483971818
20230627,1.1095154720681877,1.1445291264859125,1.0336028607924512,0.9762336300510854,0.9580218298607066,0.9423447624795437,0.9449649070581958,0.8391244732919095,0.8701004345266473,0.8113882383867264,1.2981272336814627
20230628,1.1062671309310639,1.1415296764859126,1.0297146974591178,0.9725092033844188,0.9526013298607066,0.938554575812877,0.9407756470581958,0.83803272412803,0.8693412271687878,0.8104152585209545,1.2958518724101107
20230629,1.1185174453123348,1.154485409819246,1.041601870792451,0.9826852933844188,0.9588544198607065,0.9446996358128771,0.9468761270581958,0.8399686070711738,0.8693637254965471,0.8087084766417599,1.3098089686705763
20230630,1.1329159670514652,1.1670935364859127,1.0561756541257843,0.9938359377545414,0.9706485398607065,0.9581537624795438,0.9591234537248624,0.8513599225672719,0.8798844579380186,0.8150856427659772,1.3178303242854896
20230703,1.1380336370514652,1.1708491558515222,1.059287900792451,1.0011294944212081,0.9796661742513576,0.9631488924795437,0.961518855062655,0.8565307787545628,0.8861108525868481,0.8255957431004254,1.3124378939510415
20230704,1.1477950937181318,1.1779163525181888,1.0670046041257844,1.0054361344212082,0.9827645042513576,0.966186215812877,0.9627600022198456,0.8589679431840931,0.8871254813493898,0.8290551979499237,1.31873989576821
20230705,1.1429033637181318,1.1703086391848554,1.0611447141257844,1.0005477077545415,0.9768079142513576,0.9594309424795436,0.9565894671027887,0.8524427351304018,0.8810996686403597,0.8222512180168133,1.3206521457013203
20230706,1.1409313537181318,1.1698455391848555,1.0620775274591177,0.9986068777545415,0.9776151009180243,0.957376415812877,0.9537375273034576,0.8478519196941602,0.8762806017507276,0.8170133685184856,1.323917985199648
20230707,1.1378853837181317,1.1632150191848554,1.0556557774591178,0.9931841177545415,0.9724241242513576,0.9531297091462103,0.9483119687750295,0.8429951939416518,0.8724052372022326,0.8136206226990876,1.324264761019046
20230710,1.1385204439188006,1.163438725851522,1.0573892841257844,0.9925444244212082,0.9765261942513576,0.9530418724795436,0.9493022363335579,0.8460038059817856,0.8772160933895236,0.8172080374148067,1.3213124065039958
20230711,1.1492325944204729,1.1726421225181887,1.067355920792451,1.0003280110878747,0.9844763975846909,0.9609121891462103,0.9564582798118187,0.852400615346334,0.8824227288410286,0.8240667865786864,1.3251658078417885
20230712,1.1404390544204728,1.1615063525181886,1.0547009941257843,0.9872810677545414,0.9734471309180242,0.948780105812877,0.9431465908486081,0.840070598623926,0.8727271703126005,0.8139490808930676,1.3264899735274072
20230713,1.1467144510871394,1.170874845851522,1.0619745974591177,0.9974328510878747,0.9805000775846908,0.9585433491462103,0.9534721627549626,0.8500900434399795,0.8843606953962125,0.829771492264305,1.3169429588228363
20230714,1.1439130910871393,1.1742060358515218,1.0602483341257845,0.9953280544212081,0.9800903542513575,0.957296645812877,0.9527129085743606,0.8490712039750966,0.8825385716503932,0.8304762247057766,1.3134368663813647
20230717,1.140002477753806,1.1733472425181886,1.0574197674591177,0.9947497210878747,0.9790840609180241,0.9537997858128769,0.9476898918519526,0.8437668561490097,0.8805808057641056,0.8256312514616295,1.3143712262921785
20230718,1.1412289444204726,1.1760482358515219,1.057985010792451,0.9970559610878748,0.9791504809180241,0.9534129791462103,0.9486476443603138,0.8422883979550297,0.8791280766671156,0.823254010658954,1.3179749337615208
20230719,1.1384051144204725,1.1729520925181884,1.055546510792451,0.9943150610878747,0.9781092409180241,0.9523606991462102,0.9468972196111499,0.8405878829048625,0.8793711870350085,0.8226029203579507,1.3158021940625242
20230720,1.1262288244204726,1.1627280391848551,1.0457656807924511,0.984380534421208,0.9667284209180241,0.9434680458128769,0.9366551493770362,0.828784183908207,0.8696950967340051,0.8112500641706597,1.314978760249815
20230721,1.121273097753806,1.160062219184855,1.0430137674591178,0.9839380377545414,0.9661618875846908,0.9429548291462102,0.9371028048954309,0.8284016521356317,0.8697353977373496,0.8097290808930677,1.3115440168607404
20230724,1.120735656282234,1.1591916725181883,1.0421715807924512,0.9826386777545414,0.9644805575846908,0.9428019724795436,0.93525676141717,0.8284856220352972,0.8678709696437041,0.8078910474482517,1.3128446088339845
20230725,1.1379799138073174,1.1746299225181884,1.0569646841257845,0.9994227610878748,0.9832531475846907,0.9577958891462103,0.952703667771685,0.8451825417677387,0.8856117622858446,0.8315454487860443,1.3064344650212754
20230726,1.134827054275545,1.1679098458515218,1.0511444107924512,0.9944809810878747,0.979823340918024,0.9536127591462102,0.9476754671027887,0.8405321525059937,0.8820254780049082,0.8283766427659774,1.3064504115095696
20230727,1.1293155860481203,1.161648779184855,1.0439844841257846,0.9875960744212081,0.9740756042513574,0.9464339524795435,0.9405351527215178,0.8337864176066648,0.8776256719848413,0.8247990742041046,1.3045165118440178
20230728,1.1357937599611638,1.167228329184855,1.0507714741257845,0.9973874044212081,0.9826306375846907,0.9549742324795435,0.9513237513837252,0.8453708202912286,0.8908232706470487,0.8439362414281848,1.291857518532981
20230731,1.1448068899611639,1.1771834925181883,1.0608779007924511,1.0101954677545415,0.993786660918024,0.9634988491462102,0.9613484838251968,0.8542024108952554,0.8993808224865136,0.8489322548061112,1.2958746351550545
20230801,1.1416776899611638,1.173056399184855,1.0563549907924512,1.0082140810878748,0.9931577075846907,0.9618765958128769,0.9612008316512838,0.8533220518348527,0.8998087555968816,0.848083485575342,1.2935942043858237
